Id,Title,URL,PDF,Features/Metrics,ML,Exclusion,Include,Notes
1,Measuring article quality in wikipedia: models and evaluation,https://dl.acm.org/doi/10.1145/1321440.1321476,https://dl.acm.org/doi/pdf/10.1145/1321440.1321476,Yes,No,,Yes,texto excluído: Uses the metrics to directly output the quality and not for ML. Acho que é de mudar
2,Cooperation and quality in wikipedia,https://dl.acm.org/doi/10.1145/1296951.1296968,https://dl.acm.org/doi/pdf/10.1145/1296951.1296968,Yes,No,,Yes,"texto excluído: Little emphasis is given to predicting Wikipedia quality, more to evaluate correlation between a few criteria (e.g # of edits) and quality"
3,Who does what: Collaboration patterns in the wikipedia and their impact on article quality,https://dl.acm.org/doi/10.1145/1985347.1985352,https://dl.acm.org/doi/pdf/10.1145/1985347.1985352,Yes,No,,Yes,
4,Size matters: word count as a measure of quality on wikipedia,https://dl.acm.org/doi/10.1145/1367497.1367673,https://dl.acm.org/doi/pdf/10.1145/1367497.1367673,Yes,Yes,,Yes,incluido no artigo
5,Harnessing the wisdom of crowds in wikipedia: quality through coordination,https://dl.acm.org/doi/10.1145/1460563.1460572,https://dl.acm.org/doi/pdf/10.1145/1460563.1460572,,,Focus. Manual (somewhat).,No,
6,Determinants of wikipedia quality: the roles of global and local contribution inequality,https://dl.acm.org/doi/10.1145/1718918.1718963,https://dl.acm.org/doi/pdf/10.1145/1718918.1718963,Yes,No,,Yes,abstract excluido
7,Information quality work organization in wikipedia,https://onlinelibrary.wiley.com/doi/10.1002/asi.20813,https://myweb.fsu.edu/bstvilia/papers/stvilia_wikipedia_infoWork_p.pdf,,,Focus,No,
8,On measuring the quality of Wikipedia articles,https://dl.acm.org/doi/10.1145/1772938.1772943,https://dl.acm.org/doi/pdf/10.1145/1772938.1772943,Yes,No,,Yes,incluido no artigo
9,Don't bite the newbies: how reverts affect the quantity and quality of Wikipedia work,https://dl.acm.org/doi/10.1145/2038558.2038585,https://dl.acm.org/doi/pdf/10.1145/2038558.2038585,,,Focus,No,"abstract excluido. 
tem features (3.3), mas acho que o foco é diferente"
10,Assessing the quality of Wikipedia articles with lifecycle based metrics,https://dl.acm.org/doi/10.1145/1641309.1641333,https://dl.acm.org/doi/pdf/10.1145/1641309.1641333,Yes,No,,Yes,incluido no artigo
11,Statistical measure of quality in Wikipedia,https://dl.acm.org/doi/10.1145/1964858.1964876,https://dl.acm.org/doi/pdf/10.1145/1964858.1964876,Yes,No,,Yes,"abstract excluido. Se vamos incluir o 32, acho que temos de incluir este."
12,Information quality discussions in wikipedia,https://www.researchgate.net/publication/200773232_Information_Quality_Discussions_in_Wikipedia,https://myweb.fsu.edu/bstvilia/papers/qualWiki.pdf,Yes,No,,Yes,
13,Tell me more: an actionable quality model for Wikipedia,https://dl.acm.org/doi/10.1145/2491055.2491063,https://dl.acm.org/doi/pdf/10.1145/2491055.2491063,Yes,Yes,,Yes,"revisor 3. abstract excluído. honestamente não sei pq foi excluído, parece muito relacionado."
14,Automatic quality assessment of content created collaboratively by web communities: a case study of wikipedia,https://dl.acm.org/doi/10.1145/1555400.1555449,https://dl.acm.org/doi/pdf/10.1145/1555400.1555449,Yes,Yes,,Yes,incluido no artigo
15,Learning to Predict the Quality of Contributions to Wikipedia,https://www.aaai.org/Library/Workshops/2008/ws08-15-002.php,https://www.aaai.org/Papers/Workshops/2008/WS-08-15/WS08-15-002.pdf,Yes,No,,Yes,incluido no artigo
16,Measuring Quality of Collaboratively Edited Documents: The Case of Wikipedia,https://ieeexplore.ieee.org/document/7809715,https://ieeexplore.ieee.org/stamp/stamp.jsp?tp=&arnumber=7809715,Yes,Yes,,Yes,incluido no artigo
17,Predicting quality flaws in user-generated content: the case of wikipedia,https://dl.acm.org/doi/10.1145/2348283.2348413,https://dl.acm.org/doi/pdf/10.1145/2348283.2348413,Yes,Yes,,Yes,revisor 3
18,Quality and Importance of Wikipedia Articles in Different Languages,https://link.springer.com/chapter/10.1007/978-3-319-46254-7_50,https://link.springer.com/content/pdf/10.1007/978-3-319-46254-7_50,Yes,Yes,,Yes,revisor 3
19,"A jury of your peers: quality, experience and ownership in Wikipedia",https://dl.acm.org/doi/10.1145/1641309.1641332,https://dl.acm.org/doi/pdf/10.1145/1641309.1641332,Yes,No,,Yes,incluido no artigo
20,Automatically Assessing Wikipedia Article Quality by Exploiting Article-Editor Networks,https://link.springer.com/chapter/10.1007/978-3-319-16354-3_64,https://link.springer.com/content/pdf/10.1007/978-3-319-16354-3_64,Yes,No,,Yes,
22,Interpolating Quality Dynamics in Wikipedia and Demonstrating the Keilana Effect,https://dl.acm.org/doi/10.1145/3125433.3125475,https://dl.acm.org/doi/pdf/10.1145/3125433.3125475,Yes,Yes,,Yes,
23,An end-to-end learning solution for assessing the quality of Wikipedia articles,https://dl.acm.org/doi/10.1145/3125433.3125448,https://dl.acm.org/doi/pdf/10.1145/3125433.3125448,No,Yes,,Yes,incluido no artigo
24,Quality assessment of Wikipedia articles without feature engineering,https://dl.acm.org/doi/10.1145/2910896.2910917,https://dl.acm.org/doi/pdf/10.1145/2910896.2910917,No,Yes,,Yes,incluido no artigo
25,Relating Wikipedia article quality to edit behavior and link structure,https://appliednetsci.springeropen.com/articles/10.1007/s41109-020-00305-y,https://link.springer.com/content/pdf/10.1007/s41109-020-00305-y.pdf,Yes,Yes,,Yes,revisor 2
26,Assessing the quality of information on wikipedia: A deep‐learning approach,https://asistdl.onlinelibrary.wiley.com/doi/10.1002/asi.24210,https://www.researchgate.net/publication/332294515_Assessing_the_quality_of_information_on_wikipedia_A_deep-learning_approach,Yes,Yes,,Yes,incluido no artigo
29,Using big data and network analysis to understand Wikipedia article quality,https://www.sciencedirect.com/science/article/pii/S0169023X18300685?via%3Dihub,https://reader.elsevier.com/reader/sd/pii/S0169023X18300685?token=B44D54CF3D38230135AED9524BFFD22BFC9DE31B669C688D97EFE423C332436013F0D154796D42F839540C722AC80208&originRegion=eu-west-1&originCreation=20230130105258,Yes,No,,Yes,"REVERTED: eles falam em features, mas acho que o contexto não é adequado"
30,Measuring article quality in Wikipedia: Lexical clue model,https://ieeexplore.ieee.org/document/6101286,https://ieeexplore.ieee.org/stamp/stamp.jsp?tp=&arnumber=6101286,Yes,Yes,,Yes,revisor 3
31,A Hybrid Model for Quality Assessment of Wikipedia Articles,https://aclanthology.org/U17-1005/,https://aclanthology.org/U17-1005.pdf,Yes,Yes,,Yes,revisor 2
32,Measuring article quality in Wikipedia using the collaboration network,https://dl.acm.org/doi/10.1145/2808797.2808895,https://dl.acm.org/doi/pdf/10.1145/2808797.2808895,Yes,No,,Yes,"revisor 2. tínhamos excluido por: ""No discussion of ML algorithms, features or metrics""."
33,QuWi: quality control in Wikipedia,https://dl.acm.org/doi/10.1145/1526993.1527001,https://dl.acm.org/doi/pdf/10.1145/1526993.1527001,Yes,No,,Yes,based on a previous approach for scientific articles
34,Modelling the Quality of Attributes in Wikipedia Infoboxes,https://link.springer.com/chapter/10.1007/978-3-319-26762-3_27,https://link.springer.com/content/pdf/10.1007/978-3-319-26762-3_27,Yes,Yes,,Yes,"REVERTED: shows some features, but only evaluates infobox quality"
35,Towards automatic quality assurance in Wikipedia,https://dl.acm.org/doi/10.1145/1963192.1963196,https://dl.acm.org/doi/pdf/10.1145/1963192.1963196,Yes,Yes,,Yes,
36,What makes a good biography?: multidimensional quality analysis based on wikipedia article feedback data,https://dl.acm.org/doi/10.1145/2566486.2567972,https://dl.acm.org/doi/pdf/10.1145/2566486.2567972,Yes,Yes,,Yes,
38,NwQM: A Neural Quality Assessment Framework for Wikipedia,https://aclanthology.org/2020.emnlp-main.674/,https://aclanthology.org/2020.emnlp-main.674.pdf,No,Yes,,Yes,revisor 2
41,History-Based Article Quality Assessment on Wikipedia,https://ieeexplore.ieee.org/document/8367090,https://ieeexplore.ieee.org/stamp/stamp.jsp?tp=&arnumber=8367090,Yes,Yes,,Yes,revisor 2
42,A breakdown of quality flaws in Wikipedia,https://dl.acm.org/doi/10.1145/2184305.2184309,https://dl.acm.org/doi/pdf/10.1145/2184305.2184309,No,No,,No,REVERTED: More of an analysis of wikipedia
43,FlawFinder: A Modular System for Predicting Quality Flaws in Wikipedia,https://www.researchgate.net/publication/235982155_FlawFinder_A_Modular_System_for_Predicting_Quality_Flaws_in_Wikipedia,https://ceur-ws.org/Vol-1178/CLEF2012wn-PAN-FerschkeEt2012.pdf,Yes,Yes,,Yes,
46,Relative Quality and Popularity Evaluation of Multilingual Wikipedia Articles,https://www.mdpi.com/2227-9709/4/4/43,https://pdfs.semanticscholar.org/a37c/5e68f712724157a4a6824f58a2425a830168.pdf,Yes,No,,Yes,abstract excluído
47,Wikipedia model for collective intelligence: a review of information quality,https://www.inderscienceonline.com/doi/abs/10.1504/IJKL.2009.031199,https://www.researchgate.net/publication/220428468_Wikipedia_model_for_collective_intelligence_a_review_of_information_quality,,,Focus,No,
48,A hybrid approach to classifying Wikipedia article quality flaws with feature fusion framework,https://www.sciencedirect.com/science/article/pii/S0957417421005303?via%3Dihub,https://reader.elsevier.com/reader/sd/pii/S0957417421005303?token=5388C4415793DA7AF64CBE513CD8B789A104B546D63754CE10326DECA64378FAADD906AE25B606164B3F69EC4FA003F6&originRegion=eu-west-1&originCreation=20230130110039,Yes,Yes,,Yes,
53,Wikipedia and Westminster: Quality and Dynamics of Wikipedia Pages about UK Politicians,https://dl.acm.org/doi/10.1145/3372923.3404817,https://dl.acm.org/doi/pdf/10.1145/3372923.3404817,,,Focus,No,
54,Network analysis of user generated content quality in Wikipedia,https://www.emerald.com/insight/content/doi/10.1108/OIR-03-2011-0182/full/html,https://www.emerald.com/insight/content/doi/10.1108/OIR-03-2011-0182/full/pdf?title=network-analysis-of-user-generated-content-quality-in-wikipedia,Yes,No,,Yes,
57,Knowledge categorization affects popularity and quality of Wikipedia articles,https://journals.plos.org/plosone/article?id=10.1371/journal.pone.0190674,https://pdfs.semanticscholar.org/fa1d/b666c361fd03226c8e7bd81c5eb515719ac6.pdf,Yes,No,,Yes,
58,On improving wikipedia search using article quality,https://dl.acm.org/doi/10.1145/1316902.1316926,https://dl.acm.org/doi/pdf/10.1145/1316902.1316926,Yes,No,,Yes,
59,Computational Trust in Web Content Quality: A Comparative Evalutation on the Wikipedia Project,https://arrow.tudublin.ie/scschcomart/25/,https://arrow.tudublin.ie/cgi/viewcontent.cgi?article=1031&context=scschcomart&httpsredir=1&referer=,Yes,No,,Yes,"texto excluído: Discusses subjective trustworthiness ideals, not quality measures."
60,Mutual evaluation of editors and texts for assessing quality of Wikipedia articles,https://dl.acm.org/doi/10.1145/2462932.2462956,https://dl.acm.org/doi/pdf/10.1145/2462932.2462956,Yes,No,,Yes,Mutual evaluation
61,Mining the Factors Affecting the Quality of Wikipedia Articles,https://ieeexplore.ieee.org/document/5572324,https://ieeexplore.ieee.org/stamp/stamp.jsp?tp=&arnumber=5572324,Yes,Yes,,Yes,
62,Measures for Quality Assessment of Articles and Infoboxes in Multilingual Wikipedia,https://link.springer.com/chapter/10.1007/978-3-030-04849-5_53,https://link.springer.com/content/pdf/10.1007/978-3-030-04849-5_53,Yes,No,,Yes,
64,Classifying Wikipedia Article Quality With Revision History Networks,https://dl.acm.org/doi/10.1145/3412569.3412581,https://dl.acm.org/doi/pdf/10.1145/3412569.3412581,Yes,Yes,,Yes,revisor 2
65,WikipediaViz: Conveying article quality for casual Wikipedia readers,https://ieeexplore.ieee.org/document/5429611/,https://ieeexplore.ieee.org/stamp/stamp.jsp?tp=&arnumber=5429611,Yes,No,,Yes,texto excluido: Focus on quality visualization instead of automatic assessment.
66,Multilingual Ranking of Wikipedia Articles with Quality and Popularity Assessment in Different Topics,https://www.mdpi.com/2073-431X/8/3/60,https://pdfs.semanticscholar.org/d5b3/f3e9403eda8b45184951b269ee7997452c6b.pdf,Yes,No,,Yes,"revisor 2, 3"
67,Automatically assessing the quality of Wikipedia contents,https://dl.acm.org/doi/10.1145/3297280.3297357,https://dl.acm.org/doi/pdf/10.1145/3297280.3297357,Yes,Yes,,Yes,incluido no artigo
69,Wisdom of crowds: the effect of participant composition and contribution behavior on Wikipedia article quality,https://www.emerald.com/insight/content/doi/10.1108/JKM-08-2019-0416/full/html,https://www.emerald.com/insight/content/doi/10.1108/JKM-08-2019-0416/full/pdf?title=wisdom-of-crowds-the-effect-of-participant-composition-and-contribution-behavior-on-wikipedia-article-quality,Yes,No,,Yes,Studies correlation
70,Quality Evaluation of Wikipedia Articles through Edit History and Editor Groups,https://link.springer.com/chapter/10.1007/978-3-642-20291-9_20,https://link.springer.com/content/pdf/10.1007/978-3-642-20291-9_20.pdf,Yes,Yes,,Yes,
71,Application of SEO Metrics to Determine the Quality of Wikipedia Articles and Their Sources,https://link.springer.com/chapter/10.1007/978-3-319-99972-2_11,https://link.springer.com/content/pdf/10.1007/978-3-319-99972-2_11,Yes,No,,Yes,
72,Diversity of editors and teams versus quality of cooperative work: experiments on wikipedia,https://link.springer.com/article/10.1007/s10844-016-0428-1,https://link.springer.com/content/pdf/10.1007/s10844-016-0428-1,Yes,Yes,,Yes,
74,A deep learning-based quality assessment model of collaboratively edited documents: A case study of Wikipedia,https://journals.sagepub.com/doi/10.1177/0165551519877646,https://journals.sagepub.com/doi/pdf/10.1177/0165551519877646,Yes,Yes,,Yes,incluido no artigo
75,Overview of the 1th International Competition on Quality Flaw Prediction in Wikipedia,https://www.semanticscholar.org/paper/d87a2a5d19419259895a23ff0003092a094518f2,https://ceur-ws.org/Vol-1178/CLEF2012wn-PAN-AnderkaEt2012.pdf,No,No,,No,
76,Automatically Labeling Low Quality Content on Wikipedia By Leveraging Patterns in Editing Behaviors,https://dl.acm.org/doi/10.1145/3479503,https://dl.acm.org/doi/pdf/10.1145/3479503,Yes,Yes,,Yes,revisor 2
78,Article quality classification on Wikipedia: introducing document embeddings and content features,https://dl.acm.org/doi/10.1145/3306446.3340831,https://dl.acm.org/doi/pdf/10.1145/3306446.3340831,Yes,Yes,,Yes,revisor 2
79,Assessing quality score of Wikipedia article using mutual evaluation of editors and texts,https://dl.acm.org/doi/10.1145/2505515.2505610,https://dl.acm.org/doi/pdf/10.1145/2505515.2505610,Yes,No,,Yes,Mutual evaluation
80,Measuring the Quality of Edits to Wikipedia,https://dl.acm.org/doi/10.1145/2641580.2641621,https://dl.acm.org/doi/pdf/10.1145/2641580.2641621,,,Manual. Focus,No,"texto excluido: ""Measures quality of edits, not the articles. Does not propose any metrics or algorithms, and validates it with human raters"""
81,Mining and Predicting Temporal Patterns in the Quality Evolution of Wikipedia Articles,https://journals.aom.org/doi/10.5465/AMBPP.2018.13746abstract,https://aisel.aisnet.org/cgi/viewcontent.cgi?article=1569&context=hicss-53,,,Focus,No,
82,Quality Assessment of Wikipedia Articles Using h-index,https://www.jstage.jst.go.jp/article/ipsjjip/23/1/23_22/_article,https://www.jstage.jst.go.jp/article/ipsjjip/23/1/23_22/_pdf,Yes,No,,Yes,revisor 2
83,WikiLyzer: Interactive Information Quality Assessment in Wikipedia,https://dl.acm.org/doi/10.1145/3025171.3025201,https://dl.acm.org/doi/pdf/10.1145/3025171.3025201,Yes,No,,Yes,revisor 2
84,"‘WP2Cochrane’, a tool linking Wikipedia to the Cochrane Library: Results of a bibliometric analysis evaluating article quality and importance",https://journals.sagepub.com/doi/10.1177/1460458219892711,https://journals.sagepub.com/doi/pdf/10.1177/1460458219892711,Yes,No,,Yes,
85,An Edit-centric Approach for Wikipedia Article Quality Assessment,https://aclanthology.org/D19-5550/,https://aclanthology.org/D19-5550.pdf,No,Yes,,Yes,revisor 2
87,StRE: Self Attentive Edit Quality Prediction in Wikipedia,https://aclanthology.org/P19-1387/,https://aclanthology.org/P19-1387.pdf,No,Yes,,Yes,
89,Quality assessment of wikipedia articles: a deep learning approach,https://dl.acm.org/doi/10.1145/2996442.2996447,https://dl.acm.org/doi/pdf/10.1145/2996442.2996447,No,Yes,,Yes,
90,Evaluating the trustworthiness of Wikipedia articles through quality and credibility,https://dl.acm.org/doi/10.1145/1641309.1641349,https://dl.acm.org/doi/pdf/10.1145/1641309.1641349,Yes,No,,Yes,
92,A matter of words: NLP for quality evaluation of Wikipedia medical articles,https://link.springer.com/chapter/10.1007/978-3-319-38791-8_31,https://link.springer.com/content/pdf/10.1007/978-3-319-38791-8_31,Yes,Yes,,Yes,revisor 2
94,Indicator of quality for environmental articles on Wikipedia at the higher education level,https://journals.sagepub.com/doi/10.1177/0165551519888607,https://journals.sagepub.com/doi/pdf/10.1177/0165551519888607,,,Focus,No,
95,Mining team characteristics to predict Wikipedia article quality,https://dl.acm.org/doi/10.1145/2957792.2971802,https://dl.acm.org/doi/pdf/10.1145/2957792.2971802,Yes,Yes,,Yes,
96,Estimating the Quality of Articles in Russian Wikipedia Using the Logical-Linguistic Model of Fact Extraction,https://link.springer.com/chapter/10.1007/978-3-319-59336-4_3,https://link.springer.com/content/pdf/10.1007/978-3-319-59336-4_3,Yes,No,,Yes,texto excluído: Based on fact extraction and less on quality metrics.
97,"Quality Change: Norm or Exception? Measurement, Analysis and Detection of Quality Change in Wikipedia",https://dl.acm.org/doi/10.1145/3512959,https://dl.acm.org/doi/pdf/10.1145/3512959,Yes,No,,Yes,revisor 2
100,Quality flaw prediction in Spanish Wikipedia: A case of study with verifiability flaws,https://www.sciencedirect.com/science/article/pii/S0306457317309329?via%3Dihub,https://reader.elsevier.com/reader/sd/pii/S0306457317309329?token=932F3ED2D2166622793C94EF06681099A807E81123D2C8A2103641E6DFA3906BCFCA8A59AF7D631C3F1183491945618F&originRegion=eu-west-1&originCreation=20230130113926,Yes,Yes,,Yes,quality flaws
101,Structural Analysis of Wikigraph to Investigate Quality Grades of Wikipedia Articles,https://dl.acm.org/doi/10.1145/3442442.3452345,https://dl.acm.org/doi/pdf/10.1145/3442442.3452345,Yes,Yes,,Yes,
102,Utilizing the Wikidata System to Improve the Quality of Medical Content in Wikipedia in Diverse Languages: A Pilot Study,https://pubmed.ncbi.nlm.nih.gov/25944105/,,,,No access,No,
106,Relative Quality Assessment of Wikipedia Articles in Different Languages Using Synthetic Measure,https://link.springer.com/chapter/10.1007/978-3-319-69023-0_24,https://www.researchgate.net/publication/320446880_Relative_Quality_Assessment_of_Wikipedia_Articles_in_Different_Languages_Using_Synthetic_Measure,Yes,No,,Yes,
107,On the Use of Reliable-Negatives Selection Strategies in the PU Learning Approach for Quality Flaws Prediction in Wikipedia,https://ieeexplore.ieee.org/document/6974851,https://ieeexplore.ieee.org/stamp/stamp.jsp?tp=&arnumber=6974851,,,Focus,No,
108,Measuring Wikipedia Article Quality in One Dimension by Extending ORES with Ordinal Regression,https://dl.acm.org/doi/10.1145/3479986.3479991,https://dl.acm.org/doi/pdf/10.1145/3479986.3479991,No,No,,No,"texto excluido: Does not discuss article features or algorithms, focuses on disproving the theory 'different levels of, quality are evenly spaced from one another'"
109,Enrichment of Information in Multilingual Wikipedia Based on Quality Analysis,https://link.springer.com/chapter/10.1007/978-3-319-69023-0_19,http://lewoniewski.info/files/bis2017_wiki_enrichment.pdf,Yes,No,,Yes,
111,GreenWiki: a tool to support users' assessment of the quality of Wikipedia articles,https://dl.acm.org/doi/10.1145/1998076.1998190,https://dl.acm.org/doi/pdf/10.1145/1998076.1998190,Yes,No,,Yes,
112,Social-collaborative determinants of content quality in online knowledge production systems: comparing Wikipedia and Stack Overflow,https://link.springer.com/article/10.1007/s13278-018-0512-3,https://link.springer.com/content/pdf/10.1007/s13278-018-0512-3.pdf,No,No,,No,
114,An Empirical Study to Predict the Quality of Wikipedia Articles,https://link.springer.com/chapter/10.1007/978-3-030-16187-3_47,https://link.springer.com/content/pdf/10.1007/978-3-030-16187-3_47,Yes,No,,Yes,
115,On the Use of PU Learning for Quality Flaw Prediction in Wikipedia,https://www.researchgate.net/publication/236565329_On_the_Use_of_PU_Learning_for_Quality_Flaw_Prediction_in_Wikipedia,https://ceur-ws.org/Vol-1178/CLEF2012wn-PAN-FerrettiEt2012.pdf,Yes,Yes,,Yes,
117,QualityRank: assessing quality of wikipedia articles by mutually evaluating editors and texts,https://dl.acm.org/doi/10.1145/2309996.2310047,https://dl.acm.org/doi/pdf/10.1145/2309996.2310047,Yes,No,,Yes,Mutual evaluation
118,A Framework for Assessing the Quality of Wikipedia Articles: A Meta-synthesis of the Literature,https://www.magiran.com/paper/2379640,https://ijism.ricest.ac.ir/article_698359_9629f4a6d2a3231b83c48768209dfba2.pdf,Yes,No,,Yes,
119,Assessing Information Quality of Wikipedia Articles through Google’s E-A-T Model,https://ieeexplore.ieee.org/document/9770051,https://ieeexplore.ieee.org/ielx7/6287639/6514899/09770051.pdf,Yes,Yes,,Yes,revisor 2
120,How to Inspect and Measure Data Quality about Scientific Publications: Use Case of Wikipedia and CRIS Databases,https://www.mdpi.com/1999-4893/13/5/107,https://www.mdpi.com/1999-4893/13/5/107/pdf?version=1588759588,,,Focus,No,"mentions metrics somewhat, but n/a to Wikipedia, right?"
122,Measuring Quality of Wikipedia Articles by Feature Fusion‐based Stack Learning,https://asistdl.onlinelibrary.wiley.com/doi/10.1002/pra2.449,,Yes,Yes,,Yes,revisor 2
125,"How do metrics of link analysis correlate to quality, relevance and popularity in wikipedia?",https://dl.acm.org/doi/10.1145/2526188.2526198,https://dl.acm.org/doi/pdf/10.1145/2526188.2526198,Yes,No,,Yes,
127,"On the Relation of Edit Behavior, Link Structure, and Article Quality on Wikipedia",https://link.springer.com/chapter/10.1007/978-3-030-36683-4_20,https://link.springer.com/content/pdf/10.1007/978-3-030-36683-4_20.pdf,Yes,No,,Yes,REVERTED: Focuses on controversy and edit wars
128,A Psycho-Lexical Approach to the Assessment of Information Quality on Wikipedia,https://ieeexplore.ieee.org/document/7397452,https://ieeexplore.ieee.org/stamp/stamp.jsp?arnumber=7397452,Yes,Yes,,Yes,incluido no artigo
129,On the Evolution of Quality Flaws and the Effectiveness of Cleanup Tags in the English Wikipedia,https://www.semanticscholar.org/paper/On-the-Evolution-of-Quality-Flaws-and-the-of-Tags-Anderka-Stein/b6aa3e619142d395c01857ec6e7b3b14da8fd0f7,https://webis.de/downloads/publications/papers/anderka_2012b.pdf,No,No,,No,
130,Thai Wikipedia article quality filtering algorithm,https://www.iaeng.org/publication/IMECS2017/IMECS2017_pp299-305.pdf,https://www.iaeng.org/publication/IMECS2017/IMECS2017_pp299-305.pdf,Yes,Yes,,Yes,
131,Assessing the Quality of Wikipedia Pages Using Edit Longevity and Contributor Centrality,https://arxiv.org/abs/1206.2517,https://arxiv.org/pdf/1206.2517.pdf,Yes,No,,Yes,
132,Towards Information Quality Assurance in Spanish: Wikipedia,https://www.semanticscholar.org/paper/8cba1878de84959de7a5401c9181819ee9bdf205,https://host170.sedici.unlp.edu.ar/server/api/core/bitstreams/6908402f-f564-4313-aa26-a121a593a2a6/content,Yes,Yes,,Yes,
133,Effects of Implicit Positive Ratings for Quality Assessment of Wikipedia Articles,https://www.jstage.jst.go.jp/article/ipsjjip/21/2/21_342/_article,https://www.jstage.jst.go.jp/article/ipsjjip/21/2/21_342/_pdf,Yes,No,,Yes,
136,Assessing the Quality of Wikipedia Articles,https://dl.acm.org/doi/10.1145/3453800.3453801,https://dl.acm.org/doi/pdf/10.1145/3453800.3453801,Yes,Yes,,Yes,
139,Using Morphological and Semantic Features for the Quality Assessment of Russian Wikipedia,https://link.springer.com/chapter/10.1007/978-3-319-67642-5_46,https://link.springer.com/content/pdf/10.1007/978-3-319-67642-5_46.pdf,No,Yes,,Yes,
142,Quality Assessment of Peer-Produced Content in Knowledge Repositories Using Big Data and Social Networks: The Case of Implicit Collaboration in Wikipedia,https://dl.acm.org/doi/10.1145/3371041.3371045,https://dl.acm.org/doi/pdf/10.1145/3371041.3371045,Yes,Yes,,Yes,incluido no artigo
143,Knowledge Quality of Collaborative Editing in Wikipedia: an Integrative Perspective of Social Capital and Team Conflict,https://aisel.aisnet.org/pacis2015/171/,,,, No access,No,
145,Equal opportunities in the access to quality online health information? A multi-lingual study on Wikipedia,https://dl.acm.org/doi/10.1145/3479986.3480000,https://dl.acm.org/doi/pdf/10.1145/3479986.3480000,Yes,No,,Yes,
147,Predicting Information Quality Flaws in Wikipedia by Using Classical and Deep Learning Approaches,https://link.springer.com/chapter/10.1007/978-3-030-48325-8_1,https://link.springer.com/content/pdf/10.1007/978-3-030-48325-8_1,Yes,Yes,,Yes,
148,Quality assessment of Arabic web content: The case of the Arabic Wikipedia,https://ieeexplore.ieee.org/document/6987558,https://ieeexplore.ieee.org/stamp/stamp.jsp?arnumber=6987558,Yes,Yes,,Yes,
149,Determining Quality of Articles in Polish Wikipedia Based on Linguistic Features,https://link.springer.com/chapter/10.1007/978-3-319-99972-2_45,https://link.springer.com/content/pdf/10.1007/978-3-319-99972-2_45,Yes,Yes,,Yes,
150,Quality Classification of ASEAN Wikipedia Articles using Statistical Features,https://ieeexplore.ieee.org/document/8692954/,https://ieeexplore.ieee.org/stampPDF/getPDF.jsp?tp=&arnumber=8692954&ref=,Yes,Yes,,Yes,
155,Cumulative Experience and Recent Behavior and their Relation to Content Quality on Wikipedia,https://academic.oup.com/iwc/article/29/5/737/3885842,https://academic.oup.com/iwc/article/29/5/737/3885842,Yes,No,,Yes,
157,On Quality Assesement in Wikipedia Articles Based on Markov Random Fields,https://link.springer.com/chapter/10.1007/978-3-319-54472-4_73,https://link.springer.com/content/pdf/10.1007/978-3-319-54472-4_73,Yes,No,,Yes,
158,Quality of Articles in Wikipedia,http://ch.whu.edu.cn/en/article/id/724,http://ch.whu.edu.cn/en/article/id/724,,,Not English,No,
159,Assessing Quality Values of Wikipedia Articles Using Implicit Positive and Negative Ratings,https://link.springer.com/chapter/10.1007/978-3-642-32281-5_13,https://link.springer.com/content/pdf/10.1007/978-3-642-32281-5_13,Yes,No,,Yes,Mutual evaluation
160,On the Assessment of Information Quality in Spanish Wikipedia,http://sedici.unlp.edu.ar/handle/10915/56750,http://sedici.unlp.edu.ar/bitstream/handle/10915/56750/Documento_completo.pdf-PDFA.pdf?isAllowed=y&sequence=1,Yes,Yes,,Yes,
161,Assessing the quality of health-related Wikipedia articles with generic and specific metrics,https://dl.acm.org/doi/10.1145/3442442.3452355,https://dl.acm.org/doi/pdf/10.1145/3442442.3452355,Yes,No,,Yes,incluido no artigo
162,Ontology-Based Classifiers for Wikipedia Article Quality Classification,https://link.springer.com/chapter/10.1007/978-3-319-94703-7_7,https://link.springer.com/content/pdf/10.1007/978-3-319-94703-7_7,No,Yes,,Yes,revisor 2
163,Ranking Wikipedia article's data quality by learning dimension distributions,https://www.inderscienceonline.com/doi/abs/10.1504/IJIQ.2014.064056,,,, No access,No,
165,Automatically Assessing the Need of Additional Citations for Information Quality Verification in Wikipedia Articles,http://sedici.unlp.edu.ar/handle/10915/90453,http://sedici.unlp.edu.ar/bitstream/handle/10915/90453/Documento_completo.pdf-PDFA.pdf?sequence=1&isAllowed=y,No,No,,No,
169,Assessing the Quality of Thai Wikipedia Articles Using Concept and Statistical Features,https://link.springer.com/chapter/10.1007/978-3-319-05951-8_49,https://link.springer.com/content/pdf/10.1007/978-3-319-05951-8_49,Yes,Yes,,Yes,incluido no artigo
170,Interactive Quality Analytics of User-generated Content,https://dl.acm.org/doi/10.1145/3150973,https://dl.acm.org/doi/pdf/10.1145/3150973,,,Focus,No,"criadores do wikilyzer, mas aqui o foco parece muito mais na componente interativa"
172,Structure-Based Features for Predicting the Quality of Articles in Wikipedia,https://link.springer.com/chapter/10.1007/978-3-319-51049-1_6,https://link.springer.com/content/pdf/10.1007/978-3-319-51049-1_6,Yes,Yes,,Yes,
173,Evaluating Article Quality and Editor Reputation in Wikipedia,https://link.springer.com/chapter/10.1007/978-3-642-54025-7_19,https://link.springer.com/content/pdf/10.1007/978-3-642-54025-7_19,Yes,Yes,,Yes,
175,Citation Detective : a Public Dataset to Improve and Quantify Wikipedia Citation Quality at Scale,https://www.semanticscholar.org/paper/2fa03900c85676a9e75dd6ab6bce7009f4cd875c,https://upload.wikimedia.org/wikipedia/commons/6/6f/Citation_Detective_WikiWorkshop2020.pdf,,,Focus,No,
181,Understanding the 'Quality Motion' of Wikipedia Articles Through Semantic Convergence Analysis,https://link.springer.com/chapter/10.1007/978-3-319-20895-4_7,https://link.springer.com/content/pdf/10.1007/978-3-319-20895-4_7,Yes,No,,Yes,
187,Quality assessment of Wikipedia content using topic models,https://dl.acm.org/doi/10.1145/3323503.3360628,https://dl.acm.org/doi/pdf/10.1145/3323503.3360628,,,Not English,No,revisor 2 (pt-br: parece-me um uso clássico de features simples + ML)
197,Predicting Low-Quality Wikipedia Articles Using User’s Judgements,https://link.springer.com/chapter/10.1007/978-3-319-05467-4_6,https://link.springer.com/content/pdf/10.1007/978-3-319-05467-4_6,Yes,Yes,,Yes,
199,An investigation of the relationship between the amount of extra-textual data and the quality of Wikipedia articles,https://dl.acm.org/doi/10.1145/2526188.2526218,https://dl.acm.org/doi/pdf/10.1145/2526188.2526218,Yes,No,,Yes,
202,Monitoring network structure and content quality of signal processing articles on wikipedia,https://ieeexplore.ieee.org/document/6639378,https://ieeexplore.ieee.org/stamp/stamp.jsp?tp=&arnumber=6639378,Yes,No,,Yes,"REVERTED: uses some stvilia metrics (4.1), but not the focus imo"
262,Cultural diversity of quality of information on Wikipedias,https://asistdl.onlinelibrary.wiley.com/doi/10.1002/asi.23901,https://crow.kozminski.edu.pl/papers/cultures%20of%20wikipedias.pdf,Yes,No,,Yes,
338,On the Feasibility of External Factual Support as Wikipedia's Quality Metric,http://journal.sepln.org/sepln/ojs/ojs/index.php/pln/article/view/5417,http://journal.sepln.org/sepln/ojs/ojs/index.php/pln/article/view/5417/3181,Yes,No,,Yes,
359,Quality of Wikipedia Articles: Analyzing Features and Building a Ground Truth for Supervised Classification,https://boa.unimib.it/handle/10281/249678,https://pdfs.semanticscholar.org/f118/37c304132974ec60f0fa98a2e8ecf161a313.pdf,Yes,Yes,,Yes,ground-truth?
1001,Predicting the quality of user contributions via LSTMs,https://dl.acm.org/doi/10.1145/2957792.2957811,https://dl.acm.org/doi/pdf/10.1145/2957792.2957811,Yes,Yes,,Yes,
1002,A general multiview framework for assessing the quality of collaboratively created content on web 2.0,https://asistdl.onlinelibrary.wiley.com/doi/10.1002/asi.23650,https://sci-hub.hkvisa.net/10.1002/asi.23650,Yes,Yes,,Yes,metric-based
1003,Automatic assessment of document quality in web collaborative digital libraries,https://dl.acm.org/doi/10.1145/2063504.2063507,https://dl.acm.org/doi/pdf/10.1145/2063504.2063507,Yes,Yes,,Yes,
1004,Quality assessment of collaborative content with minimal information,https://dl.acm.org/doi/10.5555/2740769.2740804,https://dl.acm.org/doi/pdf/10.5555/2740769.2740804,Yes,Yes,,Yes,
1005,Assessing the quality of textual features in social media,https://www.sciencedirect.com/science/article/pii/S0306457312000465,,,,Focus,No,Not Wikipedia
1006,Review-based ranking of Wikipedia articles,https://ieeexplore.ieee.org/document/5176107/,https://ieeexplore.ieee.org/document/5176107/,Yes,Yes,,Yes,
1007,Link Analysis of Wikipedia Documents Using MapReduce,https://ieeexplore.ieee.org/document/7301030,https://ieeexplore.ieee.org/document/7301030,,,Focus,No,metric-based
1008,AIMQ: a methodology for information quality assessment,https://www.sciencedirect.com/science/article/pii/S0378720602000435,https://reader.elsevier.com/reader/sd/pii/S0378720602000435?token=C3545B0D0B119959FF28D00B26A839F3FDCE39BDE71C31A3A5A5AE56C4277E5FA72BB1EE272D64F9D229CD2BF92B8562&originRegion=eu-west-1&originCreation=20230305165155,,,Focus,No,Not Wikipedia
1009,A lifecycle analysis of the revision behavior of featured articles on Wikipedia,https://ieeexplore.ieee.org/document/6973698/,https://ieeexplore.ieee.org/document/6973698,No,No,,No,
1010,A classifier to determine which Wikipedia biographies will be accepted,https://asistdl.onlinelibrary.wiley.com/doi/10.1002/asi.23199,https://sci-hub.hkvisa.net/10.1002/asi.23199,Yes,Yes,,Yes,
1011,"A new approach to detecting content
anomalies in Wikipedia",https://ieeexplore.ieee.org/document/67861222,https://ieeexplore.ieee.org/document/6786122,,,Focus,No,"Anomalies, not quality"
1012,A framework for information quality assessment,https://onlinelibrary.wiley.com/doi/10.1002/asi.20652,https://myweb.fsu.edu/bstvilia/papers/stvilia_IQFramework_p.pdf,Yes,No,,Yes,Stvilia
1013,Assessing information quality of a community-based encyclopedia,https://www.semanticscholar.org/paper/Assessing-Information-Quality-of-a-Community-Based-Stvilia-Twidale/dd888dddccc2075a44f99ec2380fda652040afaf,https://citeseerx.ist.psu.edu/viewdoc/download?doi=10.1.1.78.6243&rep=rep1&type=pdf,Yes,Yes,,Yes,Stvilia
1014,Information quality work organization in Wikipedia,https://onlinelibrary.wiley.com/doi/10.1002/asi.20813,https://myweb.fsu.edu/bstvilia/papers/stvilia_wikipedia_infoWork_p.pdf,No,No,,No,Stvilia
1015,Modeling user reputation in wikis,https://dl.acm.org/doi/10.5555/3160819.3160824,https://citeseerx.ist.psu.edu/document?repid=rep1&type=pdf&doi=038d21fb0480a7bf8fe82761c55664462ed31fd8,,,Focus,No,"Reputation, not quality"
1016,Analysing wiki quality using probabilistic model checking,https://ieeexplore.ieee.org/document/71943655,https://ieeexplore.ieee.org/document/7194365,Yes,No,,Yes,metric-based? 
1017,Calculating the trustworthiness of a wikipedia article using dante methodology,https://www.iadisportal.org/digital-library/calculating-the-trustworthiness-of-wikipedia-articles-using-dante-methodology,https://www.iadisportal.org/digital-library/calculating-the-trustworthiness-of-wikipedia-articles-using-dante-methodology,,,Focus,No,"Trust, not quality"
1018,Wikipedia as participatory journalism: Reliable sources? metrics for evaluating collaborative media as a news resource,https://www.researchgate.net/publication/244447442_Wikipedia_as_Participatory_Journalism_Reliable_Sources_Metrics_for_Evaluating_Collaborative_Media_as_a_News_Source,,,,No access,No,
1019,Identifying featured articles in wikipedia: writing style matters,https://dl.acm.org/doi/10.1145/1772690.1772847,https://dl.acm.org/doi/pdf/10.1145/1772690.1772847,Yes,Yes,,Yes,
1020,Exploring the Feasibility of Automatically Rating Online Article Quality,https://scholar.google.pt/citations?view_op=view_citation&hl=pt-PT&user=T_sFnwoAAAAJ&citation_for_view=T_sFnwoAAAAJ:u-x6o8ySG0sC,https://upload.wikimedia.org/wikipedia/wikimania2007/d/d3/RassbachPincockMingus07.pdf,Yes,Yes,,Yes,
1021,Classifying Wikipedia articles using network motif counts and ratios,https://dl.acm.org/doi/10.1145/2462932.2462948,https://dl.acm.org/doi/pdf/10.1145/2462932.2462948,Yes,Yes,,Yes,
1022,Assigning trust to wikipedia content,https://dl.acm.org/doi/10.1145/1822258.1822293,https://dl.acm.org/doi/pdf/10.1145/1822258.1822293,,,Focus,No,"Trust, not quality"
1023,The Success and Failure of Quality Improvement Projects in Peer Production Communities,https://dl.acm.org/doi/abs/10.1145/2675133.2675241?casa_token=YJQg-P2VdGQAAAAA:sG6H9M2pokN58J9FpCv91MkHDam5esSWUJ1NrmyqWbOaavKK1DzUHpao0e089i8XhTsa4FoHbT4SfQ,https://dl.acm.org/doi/pdf/10.1145/2675133.2675241,No,No,,No,
1024,Does it matter who contributes: a study on featured articles in the german wikipedia,https://dl.acm.org/doi/10.1145/1286240.1286290,https://dl.acm.org/doi/pdf/10.1145/1286240.1286290,Yes,No,,Yes,
1025,Social capital increases efficiency of collaboration among Wikipedia editors,https://dl.acm.org/doi/10.1145/1995966.1995997,https://dl.acm.org/doi/pdf/10.1145/1995966.1995997,,,Focus,No,
1026,Measuring the quality of web content using factual information,https://dl.acm.org/doi/10.1145/2184305.2184308,https://dl.acm.org/doi/pdf/10.1145/2184305.2184308,Yes,Yes,,Yes,
1027,Detection of text quality flaws as a one-class classification problem,https://dl.acm.org/doi/10.1145/2063576.2063954,https://dl.acm.org/doi/pdf/10.1145/2063576.2063954,No,Yes,,Yes,
1028,A corpus-based study of edit categories in featured and non-featured Wikipedia articles,https://aclanthology.org/C12-1044/,https://aclanthology.org/C12-1044.pdf,,,Focus,No,
1029,Understanding trust formation in digital information sources: the case of Wikipedia,https://journals.sagepub.com/doi/abs/10.1177/0165551513477820,https://journals.sagepub.com/doi/pdf/10.1177/0165551513477820,,,Focus,No,"Trust, not quality"
1030,Characterizing Wikipedia pages using edit network motif profiles,https://dl.acm.org/doi/10.1145/2065023.2065036,https://dl.acm.org/doi/pdf/10.1145/2065023.2065036,Yes,Yes,,Yes,
1031,A content-driven reputation system for the wikipedia,https://dl.acm.org/doi/10.1145/1242572.1242608,https://dl.acm.org/doi/pdf/10.1145/1242572.1242608,,,Focus,No,"Reputation, not quality"
1032,"Puppy smoothies: Improving the reliability of open, collaborative wikis",https://firstmonday.org/ojs/index.php/fm/article/view/1400,https://firstmonday.org/ojs/index.php/fm/article/view/1400/1318,,,Not article,No,Web post
1033,Computing trust from revision history,https://dl.acm.org/doi/10.1145/1501434.1501445,https://www.researchgate.net/publication/200772549_Computing_trust_from_revision_history,,,Focus,No,"Trust, not quality"
1034,Extracting Trust from Domain Analysis: a Case Study on Wikipedia Project ,https://dl.acm.org/doi/10.1007/11839569_35,https://link.springer.com/content/pdf/10.1007/11839569_35.pdf,,,Focus,No,"Trust, not quality"
1035,Evaluating authoritative sources using social networks: An insight from Wikipedia,https://www.researchgate.net/publication/220207473_Evaluating_authoritative_sources_using_social_networks_An_insight_from_Wikipedia,https://www.researchgate.net/publication/220207473_Evaluating_authoritative_sources_using_social_networks_An_insight_from_Wikipedia,,,Focus,No,
1036,Network analysis of collaboration structure in Wikipedia,https://dl.acm.org/doi/10.1145/1526709.1526808,https://dl.acm.org/doi/pdf/10.1145/1526709.1526808,,,Focus,No,
1037,Trust in wikipedia: how users trust information from an unknown source,https://dl.acm.org/doi/10.1145/1772938.1772944,https://dl.acm.org/doi/pdf/10.1145/1772938.1772944,,,Focus,No,"Trust, not quality"
1038,"Issues of cross-contextual information quality evaluation—The case of Arabic, English, and Korean Wikipedias",https://www.sciencedirect.com/science/article/pii/S0740818809000954,https://reader.elsevier.com/reader/sd/pii/S0740818809000954?token=75CFEBF42D926D5C7E7E8F58A2C33ED68EB12B4CA004D61F444B290C84F4399CEF13AA00775FB9520774622BD77CE26C&originRegion=eu-west-1&originCreation=20230311133412,Yes,No,,Yes,
1039,User generated content: how good is it?,https://dl.acm.org/doi/10.1145/1526993.1526995,https://dl.acm.org/doi/pdf/10.1145/1526993.1526995,,,Focus,No,
1040,Identifying featured articles in Spanish Wikipedia,http://sedici.unlp.edu.ar/bitstream/handle/10915/42288/Documento_completo.pdf?sequence=1,http://sedici.unlp.edu.ar/bitstream/handle/10915/42288/Documento_completo.pdf?sequence=1,Yes,Yes,,Yes,
1041,"Modelling Wikipedia’s Information Quality using Informativeness, Reliability and Authority",https://ieeexplore.ieee.org/document/9671092,https://ieeexplore.ieee.org/stamp/stamp.jsp?tp=&arnumber=9671092,Yes,Yes,,Yes,
1042,Assessing the information quality of Wikipedia articles using web presence,https://www.researchgate.net/publication/357028870_Assessing_the_Information_Quality_of_Wikipedia_Articles_Using_Web_Presence,,,,No Access,No,
2001,Who Did What: Editor Role Identification in Wikipedia,https://ojs.aaai.org/index.php/ICWSM/article/view/14732,https://ojs.aaai.org/index.php/ICWSM/article/view/14732/14581,Yes,No,,Yes,
2002,Quality Assessment of Peer-Produced Content in Knowledge Repositories using Development and Coordination Activities,https://www.tandfonline.com/doi/full/10.1080/07421222.2019.1598692,https://www.tandfonline.com/doi/pdf/10.1080/07421222.2019.1598692,Yes,Yes,,Yes,
2003,Diverse teams tend to do good work in wikipedia (but jacks of all trades don't),https://ieeexplore.ieee.org/document/8508597,https://ieeexplore.ieee.org/stamp/stamp.jsp?tp=&arnumber=8508597,,,Focus,No,
2004,Understanding Open Collaboration of Wikipedia Good Articles with Factor Analysis,https://dl.acm.org/doi/10.1007/978-3-030-49576-3_3,https://link.springer.com/content/pdf/10.1007/978-3-030-49576-3_3.pdf,,,Focus,No,
2005,"Qualifying Articles of Persian Wikipedia Encyclopedia Through J48 Algorithm, ANFIS and Subtractive Clustering ",https://www.sciencepublishinggroup.com/journal/paperinfo?journalid=134&doi=10.11648/j.acis.20150306.18,https://www.sciencepublishinggroup.com/journal/paperinfo?journalid=134&doi=10.11648/j.acis.20150306.18,Yes,Yes,,Yes,features (section 3.2) + ml
2006,The Production and Consumption of Quality Content in Peer Production Communities,https://conservancy.umn.edu/handle/11299/185112,https://conservancy.umn.edu/bitstream/handle/11299/185112/WarnckeWang_umn_0130E_17868.pdf?sequence=1&isAllowed=y,,,Not article,No,Dissertation
2007,Information asymmetry in Wikipedia across different languages: A statistical analysis,https://asistdl.onlinelibrary.wiley.com/doi/abs/10.1002/asi.24553?casa_token=td_uzq9Ws64AAAAA:QogBO6oUsR_5XUoMKztYdUsYxEX4OgwcuExWxXr3WbQT79aZTkpkAqUXb24Fe6TQNYo78NjWniyy7Lex,https://sci-hub.hkvisa.net/10.1002/asi.24553,,,Focus,No,
2008,Developing the Quality Model for Collaborative Open Data,https://www.sciencedirect.com/science/article/pii/S187705092032130X,https://reader.elsevier.com/reader/sd/pii/S187705092032130X?token=F5690D611562DCE69A0A72CF1ECD6B803156C8F0B804D4E2D6837A5568BDE7B745597FFE9C8495AA74D8B679C3A4BEE2&originRegion=eu-west-1&originCreation=20230312205946,Yes,No,,Yes,
2009,A multimodal approach to assessing document quality,https://www.jair.org/index.php/jair/article/view/11647,https://www.jair.org/index.php/jair/article/view/11647/26595,Yes,Yes,,Yes,
2010,Improved Automatic Maturity Assessment of Wikipedia Medical Articles,https://link.springer.com/chapter/10.1007/978-3-662-45563-0_37,https://link.springer.com/chapter/10.1007/978-3-662-45563-0_37,Yes,No,,Yes,
2011,Models for Arabic Document Quality Assessment,https://link.springer.com/chapter/10.1007/978-3-030-61146-0_24,https://link.springer.com/chapter/10.1007/978-3-030-61146-0_24,Yes,Yes,,Yes,
2012,Web article quality ranking based on web community knowledge,https://link.springer.com/article/10.1007/s00607-014-0435-4,https://link.springer.com/content/pdf/10.1007/s00607-014-0435-4.pdf,,,Focus,No,
2013,Automating assessment of collaborative writing quality in multiple stages: the case of wiki,https://dl.acm.org/doi/abs/10.1145/2883851.2883963,https://dl.acm.org/doi/pdf/10.1145/2883851.2883963,Yes,No,,Yes,
2014,On MultiView-Based Meta-learning for Automatic Quality Assessment of Wiki Articles,https://link.springer.com/chapter/10.1007/978-3-642-33290-6_26,https://link.springer.com/chapter/10.1007/978-3-642-33290-6_26,Yes,Yes,,Yes,
2015,Probabilistic Quality Assessment Based on Article’s Revision History,https://link.springer.com/chapter/10.1007/978-3-642-23091-2_50,https://link.springer.com/chapter/10.1007/978-3-642-23091-2_50,Yes,No,,Yes,
2016,Probabilistic Quality Assessment of Articles Based on Learning Editing Patterns,https://ieeexplore.ieee.org/abstract/document/5973947,https://ieeexplore.ieee.org/stamp/stamp.jsp?tp=&arnumber=5973947,Yes,No,,Yes,metric-based
2017,Quality assessment of web-based information on type 2 diabetes,https://www.emerald.com/insight/content/doi/10.1108/OIR-02-2021-0089/full/html,https://www.emerald.com/insight/content/doi/10.1108/OIR-02-2021-0089/full/pdf?title=quality-assessment-of-web-based-information-on-type-2-diabetes,Yes,No,,Yes,"features, at least"
2018,A multi-faceted approach to document quality assessment,https://oatd.org/oatd/record?record=handle%5C:11343%5C%2F258655,https://rest.neptune-prod.its.unimelb.edu.au/server/api/core/bitstreams/10380857-1b9d-55e9-a76a-9dec1d7b703a/content,,,Not article,No,Thesis
2019,Is cross-linguistic advert flaw detection in Wikipedia feasible? A multilingual-BERT-based transfer learning approach,https://www.sciencedirect.com/science/article/pii/S0950705122006670,https://reader.elsevier.com/reader/sd/pii/S0950705122006670?token=7FF38D9CB53BA2E0A063F0902B91AD1742F2306DDF6B9F7E637B74E911AA746B4586E80AF63C167E9B175056748F7C07&originRegion=eu-west-1&originCreation=20230312231815,No,Yes,,Yes,