Id,Database,Title,URL,Include,Notes
1,Google Scholar,Measuring article quality in wikipedia: models and evaluation,https://dl.acm.org/doi/abs/10.1145/1321440.1321476,Yes,
2,Google Scholar,Cooperation and quality in wikipedia,https://dl.acm.org/doi/abs/10.1145/1296951.1296968,Yes,
3,Google Scholar,Who does what: Collaboration patterns in the Wikipedia and their impact on article quality,https://dl.acm.org/doi/abs/10.1145/1985347.1985352,Yes,
4,Google Scholar,Size matters: word count as a measure of quality on wikipedia,https://dl.acm.org/doi/abs/10.1145/1367497.1367673,Yes,
5,Google Scholar,Harnessing the wisdom of crowds in wikipedia: quality through coordination,https://dl.acm.org/doi/abs/10.1145/1460563.1460572,Yes,
6,Google Scholar,Determinants of wikipedia quality: the roles of global and local contribution inequality,https://dl.acm.org/doi/abs/10.1145/1718918.1718963,Yes,
7,Google Scholar,Information quality work organization in Wikipedia,https://asistdl.onlinelibrary.wiley.com/doi/abs/10.1002/asi.20813,Yes,
8,Google Scholar,On measuring the quality of Wikipedia articles,https://dl.acm.org/doi/abs/10.1145/1772938.1772943,Yes,
9,Google Scholar,Don't bite the newbies: how reverts affect the quantity and quality of Wikipedia work,https://dl.acm.org/doi/abs/10.1145/2038558.2038585,Yes,
10,Google Scholar,Assessing the quality of Wikipedia articles with lifecycle based metrics,https://dl.acm.org/doi/abs/10.1145/1641309.1641333,Yes,
11,Google Scholar,Statistical measure of quality in Wikipedia,https://dl.acm.org/doi/abs/10.1145/1964858.1964876,Yes,
12,Google Scholar,Information quality discussions in Wikipedia,https://myweb.fsu.edu/bstvilia/papers/qualWiki.pdf,Yes,
13,Google Scholar,Tell me more: an actionable quality model for Wikipedia,https://dl.acm.org/doi/abs/10.1145/2491055.2491063,Yes,
14,Google Scholar,Automatic quality assessment of content created collaboratively by web communities: a case study of wikipedia,https://dl.acm.org/doi/abs/10.1145/1555400.1555449,Yes,
15,Google Scholar,Learning to predict the quality of contributions to wikipedia,https://www.aaai.org/Papers/Workshops/2008/WS-08-15/WS08-15-002.pdf,Yes,
16,Google Scholar,Measuring quality of collaboratively edited documents: The case of Wikipedia,https://ieeexplore.ieee.org/abstract/document/7809715/,Yes,
17,Google Scholar,Predicting quality flaws in user-generated content: the case of wikipedia,https://dl.acm.org/doi/abs/10.1145/2348283.2348413,Yes,
18,Google Scholar,Quality and importance of Wikipedia articles in different languages,https://link.springer.com/chapter/10.1007/978-3-319-46254-7_50,Yes,
19,Google Scholar,"A jury of your peers: quality, experience and ownership in Wikipedia",https://dl.acm.org/doi/abs/10.1145/1641309.1641332,Yes,
20,Google Scholar,Automatically assessing Wikipedia article quality by exploiting article–editor networks,https://link.springer.com/chapter/10.1007/978-3-319-16354-3_64,Yes,
21,Google Scholar,Information quality in Wikipedia: The effects of group composition and task conflict,https://www.tandfonline.com/doi/abs/10.2753/MIS0742-1222270403,Yes,
22,Google Scholar,Interpolating quality dynamics in Wikipedia and demonstrating the Keilana effect,https://dl.acm.org/doi/abs/10.1145/3125433.3125475,Maybe,
23,Google Scholar,An end-to-end learning solution for assessing the quality of Wikipedia articles,https://dl.acm.org/doi/abs/10.1145/3125433.3125448,Yes,DL?
24,Google Scholar,Quality assessment of wikipedia articles without feature engineering,https://dl.acm.org/doi/abs/10.1145/2910896.2910917,Yes,
25,Google Scholar,Relating Wikipedia article quality to edit behavior and link structure,https://link.springer.com/article/10.1007/s41109-020-00305-y,Yes,
26,Google Scholar,Assessing the quality of information on wikipedia: A deep‐learning approach,https://asistdl.onlinelibrary.wiley.com/doi/abs/10.1002/asi.24210,Yes,DL
27,Google Scholar,Automatically assessing the quality of Wikipedia articles,https://escholarship.org/uc/item/18s3z11b,Yes,
28,Google Scholar,Information quality assessment of community generated content: A user study of Wikipedia,https://journals.sagepub.com/doi/abs/10.1177/0165551511416065,Yes,
29,Google Scholar,Using big data and network analysis to understand Wikipedia article quality,https://www.sciencedirect.com/science/article/pii/S0169023X18300685,Yes,
30,Google Scholar,Measuring article quality in Wikipedia: Lexical clue model,https://ieeexplore.ieee.org/abstract/document/6101286/,Yes,
31,Google Scholar,A hybrid model for quality assessment of Wikipedia articles,https://aclanthology.org/U17-1005.pdf,Yes,
32,Google Scholar,Measuring article quality in wikipedia using the collaboration network,https://ieeexplore.ieee.org/abstract/document/7403578/,Yes,
33,Google Scholar,QuWi: quality control in Wikipedia,https://dl.acm.org/doi/abs/10.1145/1526993.1527001,Maybe,
34,Google Scholar,Modelling the quality of attributes in Wikipedia infoboxes,https://link.springer.com/chapter/10.1007/978-3-319-26762-3_27,Yes,
35,Google Scholar,Towards automatic quality assurance in Wikipedia,https://dl.acm.org/doi/abs/10.1145/1963192.1963196,Yes,
36,Google Scholar,What makes a good biography? Multidimensional quality analysis based on Wikipedia article feedback data,https://dl.acm.org/doi/abs/10.1145/2566486.2567972,Yes,subset (biographies)
37,Google Scholar,Who does what: Collaboration patterns in the wikipedia and their impact on data quality,https://papers.ssrn.com/sol3/papers.cfm?abstract_id=1565682,Duplicate (3),
38,Google Scholar,NwQM: A neural quality assessment framework for Wikipedia,https://aclanthology.org/2020.emnlp-main.674/,Yes,DL?
39,Google Scholar,Quality of information sources about mental disorders: a comparison of Wikipedia with centrally controlled web and printed sources,https://www.cambridge.org/core/journals/psychological-medicine/article/quality-of-information-sources-about-mental-disorders-a-comparison-of-wikipedia-with-centrally-controlled-web-and-printed-sources/595CEE672BB7C503101FAF5A9E303673,Yes,subset (mental disorders)
40,Google Scholar,Ranking of Wikipedia articles in search engines revisited: Fair ranking for reasonable quality?,https://asistdl.onlinelibrary.wiley.com/doi/abs/10.1002/asi.21423,No,
41,Google Scholar,History-based article quality assessment on Wikipedia,https://ieeexplore.ieee.org/abstract/document/8367090/,Yes,
42,Google Scholar,A breakdown of quality flaws in Wikipedia,https://dl.acm.org/doi/abs/10.1145/2184305.2184309,Maybe,quality flaws?
43,Google Scholar,FlawFinder: A Modular System for Predicting Quality Flaws in Wikipedia.,https://www.researchgate.net/profile/Oliver-Ferschke/publication/235982155_FlawFinder_A_Modular_System_for_Predicting_Quality_Flaws_in_Wikipedia/links/0a85e52ed1de340163000000/FlawFinder-A-Modular-System-for-Predicting-Quality-Flaws-in-Wikipedia.pdf,Maybe,quality flaws?
44,Google Scholar,Analyzing and predicting quality flaws in user-generated content: the case of Wikipedia,https://e-pub.uni-weimar.de/opus4/frontdoor/index/index/docId/1977,Duplicate (17),quality flaws?
45,Google Scholar,Wikipedia in academic studies: corrupting or improving the quality of teaching and learning?,https://www.igi-global.com/chapter/wikipedia-academic-studies/40740,Yes,academic use
46,Google Scholar,Relative quality and popularity evaluation of multilingual Wikipedia articles,https://www.mdpi.com/2227-9709/4/4/43,Yes,multilingual
47,Google Scholar,Wikipedia model for collective intelligence: a review of information quality,https://www.inderscienceonline.com/doi/abs/10.1504/IJKL.2009.031199,Maybe,
48,Google Scholar,A hybrid approach to classifying Wikipedia article quality flaws with feature fusion framework,https://www.sciencedirect.com/science/article/pii/S0957417421005303,Maybe,quality flaws?
49,Google Scholar,Requirements for the Linguistic Quality Control of Wikipedia Article,https://ieeexplore.ieee.org/abstract/document/8929771/,Maybe,
50,Google Scholar,The quality and readability of English Wikipedia anatomy articles,https://anatomypubs.onlinelibrary.wiley.com/doi/abs/10.1002/ase.1910,Yes,subset (anatomy)
51,Google Scholar,Readability and quality of wikipedia pages on neurosurgical topics,https://www.sciencedirect.com/science/article/pii/S0303846718300271,Yes,subset (neuro)
52,Google Scholar,The quality of open source production: Zealots and good samaritans in the case of Wikipedia,https://digitalcommons.dartmouth.edu/cs_tr/306/,Yes,
53,Google Scholar,Wikipedia and Westminster: Quality and dynamics of Wikipedia pages about UK politicians,https://dl.acm.org/doi/abs/10.1145/3372923.3404817,Yes,subset (uk politicians)
54,Google Scholar,Network analysis of user generated content quality in Wikipedia,https://www.emerald.com/insight/content/doi/10.1108/OIR-03-2011-0182/full/html,Yes,
55,Google Scholar,Improving the quality of consumer health information on Wikipedia: case series,https://www.jmir.org/2019/3/e12450/,Maybe,subset (consumer health)
56,Google Scholar,Explaining quality in internet collective goods: Zealots and good samaritans in the case of wikipedia,https://www.academia.edu/download/40145429/anthony.pdf,Yes,
57,Google Scholar,Knowledge categorization affects popularity and quality of Wikipedia articles,https://journals.plos.org/plosone/article?id=10.1371/journal.pone.0190674,Maybe,
58,Google Scholar,On improving wikipedia search using article quality,https://dl.acm.org/doi/abs/10.1145/1316902.1316926,Maybe,
59,Google Scholar,Computational trust in Web content quality: a comparative evalutation on the Wikipedia project,https://informatica.si/index.php/informatica/article/download/137/129,Yes,
60,Google Scholar,Mutual evaluation of editors and texts for assessing quality of Wikipedia articles,https://dl.acm.org/doi/abs/10.1145/2462932.2462956,Yes,
61,Google Scholar,Mining the factors affecting the quality of Wikipedia articles,https://ieeexplore.ieee.org/abstract/document/5572324/,Yes,
62,Google Scholar,Measures for quality assessment of articles and infoboxes in multilingual Wikipedia,https://link.springer.com/chapter/10.1007/978-3-030-04849-5_53,Yes,multilingual
63,Google Scholar,Measuring the quality of scientific references in Wikipedia: an analysis of more than 115M citations to over 800 000 scientific articles,https://febs.onlinelibrary.wiley.com/doi/abs/10.1111/febs.15608,Yes,
64,Google Scholar,Classifying Wikipedia article quality with revision history networks,https://dl.acm.org/doi/abs/10.1145/3412569.3412581,Yes,
65,Google Scholar,Wikipediaviz: Conveying article quality for casual wikipedia readers,https://ieeexplore.ieee.org/abstract/document/5429611/,Maybe,visualization
66,Google Scholar,Multilingual ranking of Wikipedia articles with quality and popularity assessment in different topics,https://www.mdpi.com/515352,Yes,multilingual?
67,Google Scholar,Automatically assessing the quality of Wikipedia contents,https://dl.acm.org/doi/abs/10.1145/3297280.3297357,Yes,
68,Google Scholar,Pharmacy students can improve access to quality medicines information by editing Wikipedia articles,https://link.springer.com/article/10.1186/s12909-018-1375-z,Maybe,subset (medicines)
69,Google Scholar,Wisdom of crowds: the effect of participant composition and contribution behavior on Wikipedia article quality,https://www.emerald.com/insight/content/doi/10.1108/JKM-08-2019-0416/full/html,Maybe,
70,Google Scholar,Quality evaluation of Wikipedia articles through edit history and editor groups,https://link.springer.com/chapter/10.1007/978-3-642-20291-9_20,Yes,
71,Google Scholar,Application of SEO metrics to determine the quality of Wikipedia articles and their sources,https://link.springer.com/chapter/10.1007/978-3-319-99972-2_11,Yes,SEO
72,Google Scholar,Diversity of editors and teams versus quality of cooperative work: experiments on Wikipedia,https://link.springer.com/article/10.1007/s10844-016-0428-1,Maybe,
73,Google Scholar,Readability and quality of Wikipedia articles on pelvic floor disorders,https://link.springer.com/article/10.1007/s00192-021-04776-0,Yes,subset (pelvic floor disorders)
74,Google Scholar,A deep learning-based quality assessment model of collaboratively edited documents: A case study of Wikipedia,https://journals.sagepub.com/doi/abs/10.1177/0165551519877646,Yes,DL
75,Google Scholar,Overview of the 1th International Competition on Quality Flaw Prediction in Wikipedia.,http://ceur-ws.org/Vol-1178/CLEF2012wn-PAN-AnderkaEt2012.pdf,Maybe,quality flaw?
76,Google Scholar,Automatically labeling low quality content on wikipedia by leveraging patterns in editing behaviors,https://dl.acm.org/doi/abs/10.1145/3479503,Yes,
77,Google Scholar,Your process is showing: controversy management and perceived quality in Wikipedia,https://dl.acm.org/doi/abs/10.1145/2441776.2441896,Maybe,
78,Google Scholar,Article quality classification on Wikipedia: introducing document embeddings and content features,https://dl.acm.org/doi/abs/10.1145/3306446.3340831,Yes,
79,Google Scholar,Assessing quality score of Wikipedia article using mutual evaluation of editors and texts,https://dl.acm.org/doi/abs/10.1145/2505515.2505610,Yes,
80,Google Scholar,Measuring the quality of edits to wikipedia,https://dl.acm.org/doi/abs/10.1145/2641580.2641621,Yes,"edits, not articles"
81,Google Scholar,Mining and Predicting Temporal Patterns in the Quality Evolution of Wikipedia Articles.,https://www.researchgate.net/profile/Haifeng-Zhang-14/publication/336613615_Mining_and_Predicting_Temporal_Patterns_in_the_Quality_Evolution_of_Wikipedia_Articles/links/5da871de4585159bc3d59e47/Mining-and-Predicting-Temporal-Patterns-in-the-Quality-Evolution-of-Wikipedia-Articles.pdf,Yes,
82,Google Scholar,Quality assessment of Wikipedia articles using h-index,https://www.jstage.jst.go.jp/article/ipsjjip/23/1/23_22/_article/-char/ja/,Yes,h-index
83,Google Scholar,WikiLyzer: interactive information quality assessment in Wikipedia,https://dl.acm.org/doi/abs/10.1145/3025171.3025201,Yes,
84,Google Scholar,"'WP2Cochrane', a tool linking Wikipedia to the Cochrane Library: results of a bibliometric analysis evaluating article quality and importance",https://journals.sagepub.com/doi/abs/10.1177/1460458219892711,Yes,
85,Google Scholar,An edit-centric approach for wikipedia article quality assessment,https://arxiv.org/abs/1909.08880,Yes,
86,Google Scholar,A large-scale study of Wikipedia users' quality of experience,https://dl.acm.org/doi/abs/10.1145/3308558.3313467,No,
87,Google Scholar,StRE: Self attentive edit quality prediction in Wikipedia,https://arxiv.org/abs/1906.04678,Yes,"edits, not articles"
88,Google Scholar,The role of conflict in determining consensus on quality in Wikipedia articles,https://dl.acm.org/doi/abs/10.1145/2491055.2491067,Yes,
89,Google Scholar,Quality assessment of wikipedia articles: A deep learning approach by quang vinh dang and claudia-lavinia ignat with martin vesely as coordinator,https://dl.acm.org/doi/abs/10.1145/2996442.2996447,Yes,DL
90,Google Scholar,Evaluating the trustworthiness of Wikipedia articles through quality and credibility,https://dl.acm.org/doi/abs/10.1145/1641309.1641349,Yes,
91,Google Scholar,The quality of content in open online collaboration platforms: Approaches to NLP-supported information quality management in Wikipedia,https://tuprints.ulb.tu-darmstadt.de/4092/1/Thesis_OF_published_print.pdf,Yes,
92,Google Scholar,A matter of words: NLP for quality evaluation of Wikipedia medical articles,https://link.springer.com/chapter/10.1007/978-3-319-38791-8_31,Yes,
93,Google Scholar,Analyzing Wikipedia users' perceived quality of experience: A large-scale study,https://ieeexplore.ieee.org/abstract/document/9025257/,No,
94,Google Scholar,Indicator of quality for environmental articles on Wikipedia at the higher education level,https://journals.sagepub.com/doi/abs/10.1177/0165551519888607,Yes,subset (environmental). academic use
95,Google Scholar,Mining team characteristics to predict Wikipedia article quality,https://dl.acm.org/doi/abs/10.1145/2957792.2971802,Yes,
96,Google Scholar,Estimating the quality of articles in Russian Wikipedia using the logical-linguistic model of fact extraction,https://link.springer.com/chapter/10.1007/978-3-319-59336-4_3,Yes,multilingual (russian)
97,Google Scholar,"Quality change: norm or exception? Measurement, Analysis and Detection of Quality Change in Wikipedia",https://dl.acm.org/doi/abs/10.1145/3512959,Maybe,
98,Google Scholar,NwQM: A neural quality assessment framework for Wikipedia,https://arxiv.org/abs/2010.06969,Duplicate (38),DL?
99,Google Scholar,Assessing the quality of Wikipedia editors through crowdsourcing,https://dl.acm.org/doi/abs/10.1145/2872518.2891113,Yes,"editors, not articles"
100,Google Scholar,Quality flaw prediction in Spanish Wikipedia: A case of study with verifiability flaws,https://www.sciencedirect.com/science/article/pii/S0306457317309329,Maybe,quality flaw?
101,Google Scholar,Structural Analysis of Wikigraph to Investigate Quality Grades of Wikipedia Articles,https://dl.acm.org/doi/abs/10.1145/3442442.3452345,Yes,
102,Google Scholar,Utilizing the Wikidata system to improve the quality of medical content in Wikipedia in diverse languages: a pilot study,https://www.jmir.org/2015/5/e110/'%20+%20match%20+%20',Maybe,subset (medical)
103,Google Scholar,The impact of topic bias on quality flaw prediction in wikipedia,https://aclanthology.org/P13-1071.pdf,Maybe,quality flaw?
104,Google Scholar,Detecting and correcting spelling errors in high-quality dutch wikipedia text,https://www.clinjournal.org/clinj/article/view/83,No,
105,Google Scholar,Effects of contributor experience on the quality of health-related Wikipedia articles,https://www.jmir.org/2018/5/e171/,Yes,subset (medical)
106,Google Scholar,Relative quality assessment of Wikipedia articles in different languages using synthetic measure,https://link.springer.com/chapter/10.1007/978-3-319-69023-0_24,Yes,multilingual
107,Google Scholar,On the use of reliable-negatives selection strategies in the pu learning approach for quality flaws prediction in wikipedia,https://ieeexplore.ieee.org/abstract/document/6974851/,Maybe,quality flaw?
108,Google Scholar,Measuring Wikipedia Article Quality in One Dimension by Extending ORES with Ordinal Regression,https://dl.acm.org/doi/abs/10.1145/3479986.3479991,Yes,
109,Google Scholar,Enrichment of information in multilingual Wikipedia based on quality analysis,https://link.springer.com/chapter/10.1007/978-3-319-69023-0_19,Maybe,multilingual
110,Google Scholar,Quality evaluation of search results by typicality and speciality of terms extracted from wikipedia,https://link.springer.com/chapter/10.1007/978-3-642-00887-0_50,No,
111,Google Scholar,GreenWiki: A tool to support users' assessment of the quality of Wikipedia articles,https://dl.acm.org/doi/pdf/10.1145/1998076.1998190,Maybe,visualization?
112,Google Scholar,Social-collaborative determinants of content quality in online knowledge production systems: comparing Wikipedia and Stack Overflow,https://link.springer.com/article/10.1007/s13278-018-0512-3,Yes,
113,Google Scholar,Improving information quality of Wikipedia articles with cooperative principle,https://www.emerald.com/insight/content/doi/10.1108/OIR-01-2016-0003,Yes,
114,Google Scholar,An empirical study to predict the quality of wikipedia articles,https://link.springer.com/chapter/10.1007/978-3-030-16187-3_47,Yes,
115,Google Scholar,On the use of PU learning for quality flaw prediction in Wikipedia,https://riunet.upv.es/handle/10251/46566,Maybe,quality flaw?
116,Google Scholar,Thai Wikipedia quality measurement using fuzzy logic,https://www.jstage.jst.go.jp/article/pjsai/JSAI2012/0/JSAI2012_4M1IOS3c1/_article/-char/ja/,Yes,multilingual (thai)
117,Google Scholar,Qualityrank: assessing quality of wikipedia articles by mutually evaluating editors and texts,https://dl.acm.org/doi/abs/10.1145/2309996.2310047,Yes,
118,Google Scholar,A Framework for Assessing the Quality of Wikipedia Articles: A Meta-synthesis of the Literature,https://5.190.58.17/index.php/ijism/article/view/2330,Yes,
119,Google Scholar,Assessing Information Quality of Wikipedia Articles Through Google's EAT Model,https://ieeexplore.ieee.org/abstract/document/9770051/,Yes,
120,Google Scholar,How to Inspect and Measure Data Quality about Scientific Publications: Use Case of Wikipedia and CRIS Databases,https://www.mdpi.com/701242,Maybe,
121,Google Scholar,Using hyperlink texts to improve quality of identifying document topics based on wikipedia,https://ieeexplore.ieee.org/abstract/document/5361697/,Maybe,
122,Google Scholar,Measuring Quality of Wikipedia Articles by Feature Fusion‐based Stack Learning,https://asistdl.onlinelibrary.wiley.com/doi/abs/10.1002/pra2.449,Yes,
123,Google Scholar,An evaluation of the quality of consumer health information on Wikipedia,https://citeseerx.ist.psu.edu/document?repid=rep1&type=pdf&doi=cbce7927ceedf5c6e13b5b466dbcbb5f7e639b33,Yes,subset (consumer health)
124,Google Scholar,"The small worlds of Wikipedia: implications for growth, quality and sustainability of collaborative knowledge networks",https://aisel.aisnet.org/amcis2009/439/,No,
125,Google Scholar,"How do metrics of link analysis correlate to quality, relevance and popularity in wikipedia?",https://dl.acm.org/doi/abs/10.1145/2526188.2526198,Yes,
126,Google Scholar,Cooperation and quality in Wikipedia,https://www.academia.edu/download/39917727/Cooperation_and_quality_in_Wikipedia20151111-15840-1faqmc4.pdf,Duplicate (2),
127,Google Scholar,"On the relation of edit behavior, link structure, and article quality on wikipedia",https://link.springer.com/chapter/10.1007/978-3-030-36683-4_20,Yes,
128,Google Scholar,A psycho-lexical approach to the assessment of information quality on wikipedia,https://ieeexplore.ieee.org/abstract/document/7397452/,Yes,
129,Google Scholar,On the evolution of quality flaws and the effectiveness of cleanup tags in the English Wikipedia,https://webis.de/downloads/publications/papers/anderka_2012b.pdf,Maybe,quality flaws?
130,Google Scholar,Thai Wikipedia article quality filtering algorithm,http://www.iaeng.org/publication/IMECS2017/IMECS2017_pp299-305.pdf,Yes,multilingual (thai)
131,Google Scholar,Assessing the quality of wikipedia pages using edit longevity and contributor centrality,https://arxiv.org/abs/1206.2517,Yes,
132,Google Scholar,Towards information quality assurance in Spanish Wikipedia,https://www.redalyc.org/pdf/6380/638067255004.pdf,Maybe,multilingual (spanish)
133,Google Scholar,Effects of implicit positive ratings for quality assessment of wikipedia articles,https://www.jstage.jst.go.jp/article/ipsjjip/21/2/21_342/_article/-char/ja/,Yes,
134,Google Scholar,Learning with Wikipedia in Higher Education: Academic Performance and Students' Quality Perception,https://link.springer.com/chapter/10.1007/978-3-030-30809-4_12,Maybe,academic use
135,Google Scholar,Self-regulation: How Wikipedia leverages user-generated quality control under section 230,https://papers.ssrn.com/sol3/papers.cfm?abstract_id=1579054,Maybe,
136,Google Scholar,Assessing the Quality of Wikipedia Articles,https://dl.acm.org/doi/abs/10.1145/3453800.3453801,Yes,
137,Google Scholar,Quality of mental health information on Wikipedia,https://www.cambridge.org/core/journals/psychological-medicine/article/letter-to-the-editor-quality-of-mental-health-information-on-wikipedia/4C7455808DA13EB100F8C68F6B55FC04,Yes,subset (mental health)
138,Google Scholar,"Reciprocity and Donation: How Article Topic, Quality and Dwell Time Predict Banner Donation on Wikipedia",https://dl.acm.org/doi/abs/10.1145/3274360,No,
139,Google Scholar,Using morphological and semantic features for the quality assessment of Russian Wikipedia,https://link.springer.com/chapter/10.1007/978-3-319-67642-5_46,Yes,multilingual (russian)
140,Google Scholar,The adoption of wikipedia: A community-and information quality-based view,https://aisel.aisnet.org/cgi/viewcontent.cgi?article=1160&context=pacis2008,Maybe,
141,Google Scholar,Cross-lingual data quality for knowledge base acceleration across wikipedia editions,http://eprints.sztaki.hu/6890/1/cross-lingual.pdf,Maybe,multilingual
142,Google Scholar,Quality Assessment of Peer-Produced Content in Knowledge Repositories Using Big Data and Social Networks: The Case of Implicit Collaboration in Wikipedia,https://dl.acm.org/doi/abs/10.1145/3371041.3371045,Yes,
143,Google Scholar,Knowledge quality of collaborative editing in Wikipedia: an integrative perspective of social capital and team conflict,https://core.ac.uk/download/pdf/301365374.pdf,Maybe,
144,Google Scholar,Content and Quality of Information about Stroke in Wikipedia across Multiple Languages,https://www.karger.com/Article/Abstract/521938,Yes,subset (stroke)
145,Google Scholar,Equal opportunities in the access to quality online health information? A multi-lingual study on Wikipedia,https://dl.acm.org/doi/abs/10.1145/3479986.3480000,Maybe,multilingual
146,Google Scholar,Effects of stigmergic and explicit coordination on Wikipedia article quality,https://par.nsf.gov/servlets/purl/10301597,Yes,
147,Google Scholar,Predicting information quality flaws in Wikipedia by using classical and deep learning approaches,https://link.springer.com/chapter/10.1007/978-3-030-48325-8_1,Maybe,quality flaws? DL
148,Google Scholar,Quality assessment of Arabic web content: The case of the Arabic Wikipedia,https://ieeexplore.ieee.org/abstract/document/6987558/,Yes,multilingual (arabic)
149,Google Scholar,Determining quality of articles in polish Wikipedia based on linguistic features,https://link.springer.com/chapter/10.1007/978-3-319-99972-2_45,Yes,multilingual (polish)
150,Google Scholar,Quality Classification of ASEAN Wikipedia Articles using Statistical Features,https://ieeexplore.ieee.org/abstract/document/8692954/,Yes,multilingual (ASEAN)
151,Google Scholar,Feature Analysis for Assessing the Quality of Wikipedia Articles through Supervised Classification,https://arxiv.org/abs/1812.02655,Yes,
152,Google Scholar,Good quality complementary information for multilingual wikipedia,https://link.springer.com/chapter/10.1007/978-3-642-35063-4_14,Maybe,multilingual
153,Google Scholar,Revisionist History: Predicting Wikipedia Article Quality With Edit Histories,https://cs.carleton.edu/cs_comps/1920/trajectories/final-results/Revisionist_History__Predicting_Wikipedia_Article_Quality_With_Edit_Histories.pdf,Duplicate (64),
154,Google Scholar,Use of linguistic criteria for estimating of wikipedia articles quality,http://repository.kpi.kharkov.ua/bitstream/KhPI-Press/49839/1/Kolesnik_Use_of_linguistic_2017.pdf,Yes,
155,Google Scholar,Cumulative experience and recent behavior and their relation to content quality on Wikipedia,https://academic.oup.com/iwc/article-abstract/29/5/737/3885842,Yes,
156,Google Scholar,Quality of monkeypox information in Wikipedia across multiple languages,https://www.apjtm.org/article.asp?issn=1995-7645;year=2022;volume=15;issue=12;spage=571;epage=572;aulast=Ornos,Yes,multilingual. subset (monkeypox)
157,Google Scholar,On quality assesement in Wikipedia articles based on Markov random fields,https://link.springer.com/chapter/10.1007/978-3-319-54472-4_73,Yes,
158,Google Scholar,Quality of Articles in Wikipedia,http://ch.whu.edu.cn/en/article/id/724,Yes,
159,Google Scholar,Assessing quality values of wikipedia articles using implicit positive and negative ratings,https://link.springer.com/chapter/10.1007/978-3-642-32281-5_13,Yes,
160,Google Scholar,On the Assessment of Information Quality in Spanish Wikipedia,http://sedici.unlp.edu.ar/handle/10915/56750,Yes,multilingual (spanish)
161,Google Scholar,Assessing the quality of health-related Wikipedia articles with generic and specific metrics,https://dl.acm.org/doi/abs/10.1145/3442442.3452355,Yes,subset (health)
162,Google Scholar,Ontology-Based Classifiers for Wikipedia Article Quality Classification,https://link.springer.com/chapter/10.1007/978-3-319-94703-7_7,Yes,
163,Google Scholar,Ranking Wikipedia article's data quality by learning dimension distributions,https://www.inderscienceonline.com/doi/abs/10.1504/IJIQ.2014.064056,Yes,
164,Google Scholar,"Accuracy and quality in historical representation: Wikipedia, textbooks and the Investiture Controversy",https://journal.digitalmedievalist.org/article/doi/10.16995/dm.50/,Yes,
165,Google Scholar,Automatically assessing the need of additional citations for information quality verification in Wikipedia articles,http://sedici.unlp.edu.ar/handle/10915/90453,Yes,
166,Google Scholar,Real-Time Prediction of Wikipedia Articles' Quality,https://repositorio-aberto.up.pt/bitstream/10216/142752/2/571984.pdf,Yes,not article. Exclude in next phase
167,Google Scholar,Comparative assessment of three quality frameworks for statistics derived from big data: the cases of Wikipedia page views and Automatic Identification …,http://www.ine.es/q2016/docs/q2016Final00316.pdf,Maybe,
168,Google Scholar,Contraception in the German-language Wikipedia: a content and quality analysis,https://europepmc.org/article/med/35471607,Yes,multilingual (german). subset (contraception)
169,Google Scholar,Assessing the quality of Thai Wikipedia articles using concept and statistical features,https://link.springer.com/chapter/10.1007/978-3-319-05951-8_49,Yes,multilingual (thai)
170,Google Scholar,Interactive Quality Analytics of User-generated Content: An Integrated Toolkit for the Case of Wikipedia,https://dl.acm.org/doi/abs/10.1145/3150973,Maybe,
171,Google Scholar,ANFIS Based Models for Accessing Quality of Wikipedia Articles,https://www.diva-portal.org/smash/record.jsf?pid=diva2:518927,Yes,DL?
172,Google Scholar,Structure-Based Features for Predicting the Quality of Articles in Wikipedia,https://link.springer.com/chapter/10.1007/978-3-319-51049-1_6,Yes,
173,Google Scholar,Evaluating article quality and editor reputation in Wikipedia,https://link.springer.com/chapter/10.1007/978-3-642-54025-7_19,Yes,
174,Google Scholar,REVISION AND QUALITY ANALYSIS OF LIBRARY AND INFORMATION SCIENCE CONCEPTS IN WIKIPEDIA,https://search.proquest.com/openview/b72aa5a15431b3df4a0bd5c2d0a454b4/1?pq-origsite=gscholar&cbl=54903,Yes,
175,Google Scholar,Citation Detective: a Public Dataset to Improve and Quantify Wikipedia Citation Quality at Scale,https://upload.wikimedia.org/wikipedia/commons/6/6f/Citation_Detective_WikiWorkshop2020.pdf,Yes,
176,Google Scholar,"A Strategy Oriented, Machine Learning Approach to Automatic Quality Assessment of Wikipedia Articles",https://digitalcommons.calpoly.edu/theses/306/,Yes,
177,Google Scholar,Interactive Quality Analytics of User-generated Content: An Integrated Toolkit for the Case of Wikipedia.,https://www.researchgate.net/profile/Cecilia-Di-Sciascio/publication/332066729_Interactive_Quality_Analytics_of_User-generated_Content_An_Integrated_Toolkit_for_the_Case_of_Wikipedia/links/5cab0f1792851c64bd57c0f9/Interactive-Quality-Analytics-of-User-generated-Content-An-Integrated-Toolkit-for-the-Case-of-Wikipedia.pdf,Duplicate (170),
178,Google Scholar,Overview of the 1st International Competition on Quality Flaw Prediction in Wikipedia,https://citeseerx.ist.psu.edu/document?repid=rep1&type=pdf&doi=ad12c492cd28aed9dec6f010a0762cdcf144e827,Duplicate (75),
179,Google Scholar,A Modular System For Predicting Quality Flaws In Wikipedia,https://pan.webis.de/downloads/publications/slides/ferschke_2012.pdf,Duplicate (43),
180,Google Scholar,"Wikipedia-based Corpora for Analyzing Revisions, Discussions and Text Quality in Collaborative Writing",http://download.hrz.tu-darmstadt.de/pub/FB20/Dekanat/Publikationen/UKP/Nosdac_Abstract.pdf,Maybe,
181,Google Scholar,Understanding the 'quality motion'of Wikipedia articles through semantic convergence analysis,https://link.springer.com/chapter/10.1007/978-3-319-20895-4_7,Maybe,
182,Google Scholar,Quality contents creation in a commons: Based peer production on line environment: The IT. Wikipedia Experience,https://core.ac.uk/download/pdf/234914901.pdf,Maybe,
183,Google Scholar,The Wikipedia Medical Student: Comparing the Quality of Vascular Surgery Topics Across Two Commonly Used Educational Resources,https://www.jvascsurg.org/article/S0741-5214(14)01555-9/abstract,Yes,academic use. subset (vascular surgery)
184,Google Scholar,Structural analysis of wikigraph to investigate quality grades of wikipedia articles,http://dspace.iitrpr.ac.in:8080/xmlui/handle/123456789/2148,Duplicate (101),
185,Google Scholar,The Category Structure in Wikipedia: To Analyze and Know Its Quality Using K-Core Decomposition,https://link.springer.com/chapter/10.1007/978-3-642-39787-5_37,Maybe,
186,Google Scholar,Building Quality in Wikipedia: A Theoretical Approach,https://dukespace.lib.duke.edu/dspace/bitstream/handle/10161/1397/Zhu?sequence=1,Maybe,
187,Google Scholar,Quality assessment of Wikipedia content using topic models,https://dl.acm.org/doi/abs/10.1145/3323503.3360628,Yes,
188,Google Scholar,"VUONG, Ba-Quy. On Improving Wikipedia Search using Article Quality.(2007)",https://core.ac.uk/download/pdf/13248410.pdf,Duplicate (58),
189,Google Scholar,Promoting Quality in Wikipedia through Enculturation,https://pensivepuffin.com/dwmcphd/papers/Beschastnikh.et.al.Workshop.GROUP09.pdf,Yes,
190,Google Scholar,Predicting Information Quality Flaws in Wikipedia by Using Classical and Deep Learning Approaches,https://books.google.com/books?hl=en&lr=&id=cdTkDwAAQBAJ&oi=fnd&pg=PA3&dq=%22wikipedia%22+%22quality%22&ots=aG6NjUEKNP&sig=2RDcxnooGVWcAvW_zFyUSRtZYdc,Duplicate (147),
191,Google Scholar,Quality Evaluation of Wikipedia Articles Through Edit History and Editor Groups,https://www.ieice.org/ken/paper/20100804z0AI/eng/,Duplicate (70),
192,Google Scholar,Mining team characteristics to predict Wikipedia article quality,https://econpapers.repec.org/paper/haljournl/hal-01354368.htm,Duplicate (95),
193,Google Scholar,Quality of References Supporting Urologic Articles on Wikipedia,https://www.medicine20congress.org/index.php/med/med2014/paper/view/2663,Maybe,subset (urologic)
194,Google Scholar,Information Quality dimensions of Information Science articles in English Wikipedia: exploring the relationship between ranking of the Wikipedia articles in search …,http://nastinfo.nlai.ir/article_2263.html?lang=en,Maybe,
195,Google Scholar,Correction to: Application of SEO Metrics to Determine the Quality of Wikipedia Articles and Their Sources,https://link.springer.com/content/pdf/10.1007/978-3-319-99972-2_49.pdf,Duplicate (71),
196,Google Scholar,Quality of open content in Wikipedia: towards a broader view of expertise?,https://www.researchgate.net/profile/Simon-Rogerson/publication/296786273_ETHICOMP_2011_Conference_Proceedings_The_Social_Impact_of_Social_Computing/links/56da9c8908aebe4638bbe3e0/ETHICOMP-2011-Conference-Proceedings-The-Social-Impact-of-Social-Computing.pdf#page=251,Yes,
197,Google Scholar,Predicting Low-Quality Wikipedia Articles Using User's Judgements,https://link.springer.com/chapter/10.1007/978-3-319-05467-4_6,Yes,
198,Google Scholar,"CATEGORY"" UKRAINE"" IN WIKIPEDIA: QUALITY OF TRANSLATION OF WIKI-ARTICLES ABOUT UKRAINIAN NATIONAL MUSICAL INSTRUMENTS INTO ENGLISH",http://eprints.zu.edu.ua/id/eprint/31069/contents#page=33,No,multilingual (ukrainian).  subset (national musical instruments)
199,Google Scholar,An Investigation of the Relationship between the Amount of Extra-textual Data and the Quality of Wikipedia Articles,https://dl.acm.org/doi/abs/10.1145/2526188.2526218,Yes,
200,Google Scholar,Is Wikipedia a High Quality Evidence-Based Resource?,https://publications.aap.org/journal-blogs/blog/3607/Is-Wikipedia-a-High-Quality-Evidence-Based,Maybe,
201,Google Scholar,Ranking of Wikipedia articles in search engines revisited: Fair ranking for reasonable quality?,http://eprints.rclis.org/16051/,Duplicate (40),
202,Google Scholar,Monitoring network structure and content quality of signal processing articles on wikipedia,https://ieeexplore.ieee.org/abstract/document/6639378/,Yes,subset (signal processing)
203,Google Scholar,Quick fix or citable source? Carol Haigh investigates the quality and rigour of using Wikipedia in support of academic research,https://go.gale.com/ps/i.do?id=GALE%7CA259077317&sid=googleScholar&v=2.1&it=r&linkaccess=abs&issn=00296570&p=HRCA&sw=w,Maybe,academic use
204,Google Scholar,"Internal Bonding, External Bridging and Functional Diversity: Impact of Social Capital on the Quality of Wikipedia Articles",https://papers.ssrn.com/sol3/papers.cfm?abstract_id=2249550,Yes,
205,Google Scholar,Quality Assessment of Wikipedia Articles Using h-index (Preprint),https://ci.nii.ac.jp/naid/110009867091/,Duplicate (82),
206,Google Scholar,THE ADOPTION OF WIKIPEDIA: A COMMUNITY-AND INFORMATION QUALITY-BASED VIEW,https://www.researchgate.net/profile/Shu-Chen-Yang-2/publication/221229622_The_Adoption_of_Wikipedia_A_Community-_and_Information_Quality-Based_View/links/53f5f5b00cf2fceacc6f8579/The-Adoption-of-Wikipedia-A-Community-and-Information-Quality-Based-View.pdf,Duplicate (140),
207,Google Scholar,Towards the automatic evaluation of stylistic quality of natural texts: constructing a special-purpose corpus of stylistic edits from the Wikipedia revision history,https://bora.uib.no/bora-xmlui/handle/1956/15228,Maybe,
208,Google Scholar,CMPSCI 645 Final Report Quality Evaluation of Wikipedia Articles,https://upload.wikimedia.org/wikipedia/commons/8/87/Group8FinalReport.pdf,Yes,
209,Google Scholar,Dark matter at 5800 An investigation of the quality of user-contributed entries on the topic of dark matter in Wikipedia and other types of texts,https://gupea.ub.gu.se/handle/2077/57981,Yes,subset (dark matter)
210,Google Scholar,Wiki Evolution dataset: English Wikipedia revision articles represented by quality attributes,https://sol.sbc.org.br/index.php/dsw/article/view/21911,Yes,
211,Google Scholar,Polish Wikipedia Articles Quality Assessment,https://repo.pw.edu.pl/info/master/WUTe9e0612829ac41499b286b174d139e41/,Yes,multilingual (polish)
212,Google Scholar,"… оценка на примере проекта Wikipedia. Computational trust in web content quality: a comparative evaluation on the Wikipedia project. Dondio Pierpaolo, Barrett …",https://elibrary.ru/item.asp?id=11711609,Duplicate (59),
213,ACM,Cooperation and quality in wikipedia,https://dl.acm.org/doi/10.1145/1296951.1296968,Duplicate (2),
214,ACM,Statistical measure of quality in Wikipedia,https://dl.acm.org/doi/10.1145/1964858.1964876,Duplicate (11),
215,ACM,Information quality work organization in wikipedia,https://dl.acm.org/doi/10.5555/1358262.1358274,Duplicate (7),
216,ACM,Towards automatic quality assurance in Wikipedia,https://dl.acm.org/doi/10.1145/1963192.1963196,Duplicate (35),
217,ACM,Assessing the Quality of Wikipedia Articles,https://dl.acm.org/doi/10.1145/3453800.3453801,Duplicate (136),
218,ACM,Determinants of wikipedia quality: the roles of global and local contribution inequality,https://dl.acm.org/doi/10.1145/1718918.1718963,Duplicate (6),
219,ACM,Measuring article quality in wikipedia: models and evaluation,https://dl.acm.org/doi/10.1145/1321440.1321476,Duplicate (1),
220,ACM,Article quality classification on Wikipedia: introducing document embeddings and content features,https://dl.acm.org/doi/10.1145/3306446.3340831,Duplicate (78),
221,ACM,Information Quality in Wikipedia: The Effects of Group Composition and Task Conflict,https://dl.acm.org/doi/10.2753/MIS0742-1222270403,Duplicate (21),
222,ACM,On improving wikipedia search using article quality,https://dl.acm.org/doi/10.1145/1316902.1316926,Duplicate (58),
223,ACM,Good quality complementary information for multilingual wikipedia,https://dl.acm.org/doi/10.1007/978-3-642-35063-4_14,Duplicate (152),
224,ACM,On measuring the quality of Wikipedia articles,https://dl.acm.org/doi/10.1145/1772938.1772943,Duplicate (8),
225,ACM,Automatically assessing the quality of Wikipedia contents,https://dl.acm.org/doi/10.1145/3297280.3297357,Duplicate (67),
226,ACM,"Quality Change: Norm or Exception? Measurement, Analysis and Detection of Quality Change in Wikipedia",https://dl.acm.org/doi/10.1145/3512959,Duplicate (97),
227,ACM,Measuring the Quality of Edits to Wikipedia,https://dl.acm.org/doi/10.1145/2641580.2641621,Duplicate (80),
228,ACM,A breakdown of quality flaws in Wikipedia,https://dl.acm.org/doi/10.1145/2184305.2184309,Duplicate (42),
229,ACM,Quality Assessment of Wikipedia Articles without Feature Engineering,https://dl.acm.org/doi/10.1145/2910896.2910917,Duplicate (24),
230,ACM,Quality assessment of Wikipedia content using topic models,https://dl.acm.org/doi/10.1145/3323503.3360628,Duplicate (187),
231,ACM,Classifying Wikipedia Article Quality With Revision History Networks,https://dl.acm.org/doi/10.1145/3412569.3412581,Duplicate (64),
232,ACM,Assessing the quality of information on wikipedia: A deep‐learning approach,https://dl.acm.org/doi/10.1002/asi.24210,Duplicate (26),
233,ACM,Mining team characteristics to predict Wikipedia article quality,https://dl.acm.org/doi/10.1145/2957792.2971802,Duplicate (95),
234,ACM,Assessing the Quality of Wikipedia Editors through Crowdsourcing,https://dl.acm.org/doi/10.1145/2872518.2891113,Duplicate (99),
235,ACM,Measuring Article Quality in Wikipedia using the Collaboration Network,https://dl.acm.org/doi/10.1145/2808797.2808895,Duplicate (32),
236,ACM,Mining the Factors Affecting the Quality of Wikipedia Articles,https://dl.acm.org/doi/10.1109/ISME.2010.114,Duplicate (61),
237,ACM,Evaluating the trustworthiness of Wikipedia articles through quality and credibility,https://dl.acm.org/doi/10.1145/1641309.1641349,Duplicate (90),
238,ACM,Assessing the quality of Wikipedia articles with lifecycle based metrics,https://dl.acm.org/doi/10.1145/1641309.1641333,Duplicate (10),
239,ACM,Structural Analysis of Wikigraph to Investigate Quality Grades of Wikipedia Articles,https://dl.acm.org/doi/10.1145/3442442.3452345,Duplicate (101),
240,ACM,A Large-scale Study of Wikipedia Users' Quality of Experience,https://dl.acm.org/doi/10.1145/3308558.3313467,Duplicate (86),
241,ACM,Interpolating Quality Dynamics in Wikipedia and Demonstrating the Keilana Effect,https://dl.acm.org/doi/10.1145/3125433.3125475,Duplicate (22),
242,ACM,Quality evaluation of wikipedia articles through edit history and editor groups,https://dl.acm.org/doi/10.5555/1996794.1996820,Duplicate (70),
243,ACM,Analyzing Wikipedia Users&#x2019; Perceived Quality of Experience: A Large-Scale Study,https://dl.acm.org/doi/10.1109/TNSM.2020.2978685,Duplicate (93),
244,ACM,The role of conflict in determining consensus on quality in Wikipedia articles,https://dl.acm.org/doi/10.1145/2491055.2491067,Duplicate (88),
245,ACM,Mutual evaluation of editors and texts for assessing quality of Wikipedia articles,https://dl.acm.org/doi/10.1145/2462932.2462956,Duplicate (60),
246,ACM,Automatically Labeling Low Quality Content on Wikipedia By Leveraging Patterns in Editing Behaviors,https://dl.acm.org/doi/10.1145/3479503,Duplicate (76),
247,ACM,Measuring Wikipedia Article Quality in One Dimension by Extending ORES with Ordinal Regression,https://dl.acm.org/doi/10.1145/3479986.3479991,Duplicate (108),
248,ACM,Indicator of quality for environmental articles on Wikipedia at the higher education level,https://dl.acm.org/doi/10.1177/0165551519888607,Duplicate (94),
249,ACM,Assessing quality score of Wikipedia article using mutual evaluation of editors and texts,https://dl.acm.org/doi/10.1145/2505515.2505610,Duplicate (79),
250,ACM,Using Hyperlink Texts to Improve Quality of Identifying Document Topics Based on Wikipedia,https://dl.acm.org/doi/10.1109/KSE.2009.20,Duplicate (121),
251,ACM,Ranking of Wikipedia articles in search engines revisited: Fair ranking for reasonable quality?,https://dl.acm.org/doi/10.1002/asi.21423,Duplicate (40),
252,ACM,Assessing the quality of health-related Wikipedia articles with generic and specific metrics,https://dl.acm.org/doi/10.1145/3442442.3452355,Duplicate (161),
253,ACM,An end-to-end learning solution for assessing the quality of Wikipedia articles,https://dl.acm.org/doi/10.1145/3125433.3125448,Duplicate (23),
254,ACM,"Creating High-Quality Products in Open Content Virtual Communities - Exploring Wikipedia, the Free Encyclopedia",https://dl.acm.org/doi/book/10.5555/1554935,No,
255,ACM,"How do metrics of link analysis correlate to quality, relevance and popularity in wikipedia?",https://dl.acm.org/doi/10.1145/2526188.2526198,Duplicate (125),
256,ACM,Quality Evaluation of Search Results by Typicality and Speciality of Terms Extracted from Wikipedia,https://dl.acm.org/doi/10.1007/978-3-642-00887-0_50,Duplicate (110),
257,ACM,Personal communication networks and their positive effects on online collaboration and outcome quality on Wikipedia,https://dl.acm.org/doi/10.1002/asi.23429,No,
258,ACM,Equal opportunities in the access to quality online health information? A multi-lingual study on Wikipedia,https://dl.acm.org/doi/10.1145/3479986.3480000,Duplicate (145),
259,ACM,Wikipedia and Westminster: Quality and Dynamics of Wikipedia Pages about UK Politicians,https://dl.acm.org/doi/10.1145/3372923.3404817,Duplicate (53),
260,ACM,An investigation of the relationship between the amount of extra-textual data and the quality of Wikipedia articles,https://dl.acm.org/doi/10.1145/2526188.2526218,Duplicate (199),
261,ACM,Quality assessment of wikipedia articles: a deep learning approach by Quang Vinh Dang and Claudia-Lavinia Ignat with Martin Vesely as coordinator,https://dl.acm.org/doi/10.1145/2996442.2996447,Duplicate (89),
262,ACM,Cultural diversity of quality of information on Wikipedias,https://dl.acm.org/doi/10.5555/3204593.3204607,Yes,
263,ACM,Harnessing the wisdom of crowds in wikipedia: quality through coordination,https://dl.acm.org/doi/10.1145/1460563.1460572,Duplicate (5),
264,ACM,Predicting quality flaws in user-generated content: the case of wikipedia,https://dl.acm.org/doi/10.1145/2348283.2348413,Duplicate (17),
265,ACM,Information quality assessment of community generated content: A user study of Wikipedia,https://dl.acm.org/doi/10.1177/0165551511416065,Duplicate (28),
266,ACM,Diversity of editors and teams versus quality of cooperative work: experiments on wikipedia,https://dl.acm.org/doi/10.1007/s10844-016-0428-1,Duplicate (72),
267,ACM,Interactive Quality Analytics of User-generated Content: An Integrated Toolkit for the Case of Wikipedia,https://dl.acm.org/doi/10.1145/3150973,Duplicate (170),
268,ACM,Automatic quality assessment of content created collaboratively by web communities: a case study of wikipedia,https://dl.acm.org/doi/10.1145/1555400.1555449,Duplicate (14),
269,ACM,A deep learning-based quality assessment model of collaboratively edited documents: A case study of Wikipedia,https://dl.acm.org/doi/10.1177/0165551519877646,Duplicate (74),
270,ACM,Quality Assessment of Peer-Produced Content in Knowledge Repositories Using Big Data and Social Networks: The Case of Implicit Collaboration in Wikipedia,https://dl.acm.org/doi/10.1145/3371041.3371045,Duplicate (142),
271,ACM,QuWi: quality control in Wikipedia,https://dl.acm.org/doi/10.1145/1526993.1527001,Duplicate (33),
272,ACM,WikiLyzer: Interactive Information Quality Assessment in Wikipedia,https://dl.acm.org/doi/10.1145/3025171.3025201,Duplicate (83),
273,ACM,Tell me more: an actionable quality model for Wikipedia,https://dl.acm.org/doi/10.1145/2491055.2491063,Duplicate (13),
274,ACM,"A jury of your peers: quality, experience and ownership in Wikipedia",https://dl.acm.org/doi/10.1145/1641309.1641332,Duplicate (19),
275,ACM,Your process is showing: controversy management and perceived quality in wikipedia,https://dl.acm.org/doi/10.1145/2441776.2441896,Duplicate (77),
276,ACM,Size matters: word count as a measure of quality on wikipedia,https://dl.acm.org/doi/10.1145/1367497.1367673,Duplicate (4),
277,ACM,QualityRank: assessing quality of wikipedia articles by mutually evaluating editors and texts,https://dl.acm.org/doi/10.1145/2309996.2310047,Duplicate (117),
278,ACM,"When the levee breaks: without bots, what happens to Wikipedia's quality control processes?",https://dl.acm.org/doi/10.1145/2491055.2491061,Maybe,
279,ACM,What makes a good biography?: multidimensional quality analysis based on wikipedia article feedback data,https://dl.acm.org/doi/10.1145/2566486.2567972,Duplicate (36),
280,ACM,GreenWiki: a tool to support users' assessment of the quality of Wikipedia articles,https://dl.acm.org/doi/10.1145/1998076.1998190,Duplicate (111),
281,ACM,Who does what: Collaboration patterns in the wikipedia and their impact on article quality,https://dl.acm.org/doi/10.1145/1985347.1985352,Duplicate (3),
282,ACM,Don't bite the newbies: how reverts affect the quantity and quality of Wikipedia work,https://dl.acm.org/doi/10.1145/2038558.2038585,Duplicate (9),
283,ACM,"Reciprocity and Donation: How Article Topic, Quality and Dwell Time Predict Banner Donation on Wikipedia",https://dl.acm.org/doi/10.1145/3274360,Duplicate (138),
284,Web of Science,QuWi: Quality Control in Wikipedia,https://www.webofscience.com/wos/woscc/full-record/WOS:000283704000005,Duplicate (33),
285,Web of Science,Information quality work organization in Wikipedia,https://www.webofscience.com/wos/woscc/full-record/WOS:000254363800010,Duplicate (7),
286,Web of Science,Quality of mental health information on Wikipedia,https://www.webofscience.com/wos/woscc/full-record/WOS:000302379100020,Duplicate (137),
287,Web of Science,Automatically Assessing the Quality of Wikipedia Contents,https://www.webofscience.com/wos/woscc/full-record/WOS:000474685800110,Duplicate (67),
288,Web of Science,History-based Article Quality Assessment on Wikipedia,https://www.webofscience.com/wos/woscc/full-record/WOS:000435014000001,Duplicate (41),
289,Web of Science,WikiLyzer: Interactive Information Quality Assessment in Wikipedia,https://www.webofscience.com/wos/woscc/full-record/WOS:000458177700039,Duplicate (83),
290,Web of Science,Towards Information Quality Assurance in Spanish Wikipedia,https://www.webofscience.com/wos/woscc/full-record/WOS:000424615100004,Duplicate (132),
291,Web of Science,Mining team characteristics to predict Wikipedia article quality,https://www.webofscience.com/wos/woscc/full-record/WOS:000391255900015,Duplicate (95),
292,Web of Science,Quality Assessment of Wikipedia Articles without Feature Engineering,https://www.webofscience.com/wos/woscc/full-record/WOS:000389502300006,Duplicate (24),
293,Web of Science,WikipediaViz: Conveying Article Quality for Casual Wikipedia Readers,https://www.webofscience.com/wos/woscc/full-record/WOS:000290973000007,Duplicate (65),
294,Web of Science,Modelling the Quality of Attributes in Wikipedia Infoboxes,https://www.webofscience.com/wos/woscc/full-record/WOS:000369170600027,Duplicate (34),
295,Web of Science,NwQM: A neural quality assessment framework for Wikipedia,https://www.webofscience.com/wos/woscc/full-record/WOS:000855160708049,Duplicate (38),
296,Web of Science,Quality Assessment of Wikipedia Content Using Topic Models,https://www.webofscience.com/wos/woscc/full-record/WOS:000557314100043,Duplicate (187),
297,Web of Science,StRE: Self Attentive Edit Quality Prediction in Wikipedia,https://www.webofscience.com/wos/woscc/full-record/WOS:000493046106046,Duplicate (87),
298,Web of Science,Assessing the Quality of Wikipedia Editors through Crowdsourcing,https://www.webofscience.com/wos/woscc/full-record/WOS:000687202100240,Duplicate (99),
299,Web of Science,Classifying Wikipedia Article Quality With Revision History Networks,https://www.webofscience.com/wos/woscc/full-record/WOS:000771793800010,Duplicate (64),
300,Web of Science,Measuring Article Quality in Wikipedia using the Collaboration Network,https://www.webofscience.com/wos/woscc/full-record/WOS:000371793500064,Duplicate (32),
301,Web of Science,Quality Classification of ASEAN Wikipedia Articles using Statistical Features,https://www.webofscience.com/wos/woscc/full-record/WOS:000493561700037,Duplicate (150),
302,Web of Science,Readability and quality of wikipedia pages on neurosurgical topics,https://www.webofscience.com/wos/woscc/full-record/WOS:000427666000013,Duplicate (51),
303,Web of Science,The Quality and Readability of English Wikipedia Anatomy Articles,https://www.webofscience.com/wos/woscc/full-record/WOS:000480057200001,Duplicate (50),
304,Web of Science,Predicting Low-Quality Wikipedia Articles Using User's Judgements,https://www.webofscience.com/wos/woscc/full-record/WOS:000380568200006,Duplicate (197),
305,Web of Science,Quality and Importance of Wikipedia Articles in Different Languages,https://www.webofscience.com/wos/woscc/full-record/WOS:000392266800050,Duplicate (18),
306,Web of Science,Knowledge categorization affects popularity and quality of Wikipedia articles,https://www.webofscience.com/wos/woscc/full-record/WOS:000419101600158,Duplicate (57),
307,Web of Science,Relative Quality and Popularity Evaluation of Multilingual Wikipedia Articles,https://www.webofscience.com/wos/woscc/full-record/WOS:000423673600011,Duplicate (46),
308,Web of Science,Network analysis of user generated content quality in Wikipedia,https://www.webofscience.com/wos/woscc/full-record/WOS:000324567600007,Duplicate (54),
309,Web of Science,Improving information quality of Wikipedia articles with cooperative principle,https://www.webofscience.com/wos/woscc/full-record/WOS:000411460600003,Duplicate (113),
310,Web of Science,Harnessing the Wisdom of Crowds in Wikipedia: Quality Through Coordination,https://www.webofscience.com/wos/woscc/full-record/WOS:000265978000007,Duplicate (5),
311,Web of Science,Relating Wikipedia article quality to edit behavior and link structure,https://www.webofscience.com/wos/woscc/full-record/WOS:000680089100002,Duplicate (25),
312,Web of Science,A Large-scale Study of Wikipedia Users' Quality of Experience,https://www.webofscience.com/wos/woscc/full-record/WOS:000483508403038,Duplicate (86),
313,Web of Science,Enrichment of Information in Multilingual Wikipedia Based on Quality Analysis,https://www.webofscience.com/wos/woscc/full-record/WOS:000450254400019,Duplicate (109),
314,Web of Science,Readability and quality of Wikipedia articles on pelvic floor disorders,https://www.webofscience.com/wos/woscc/full-record/WOS:000636135300003,Duplicate (73),
315,Web of Science,Measuring Quality of Collaboratively Edited Documents: the case of Wikipedia,https://www.webofscience.com/wos/woscc/full-record/WOS:000393501100030,Duplicate (16),
316,Web of Science,Quality Evaluation of Wikipedia Articles through Edit History and Editor Groups,https://www.webofscience.com/wos/woscc/full-record/WOS:000302001600020,Duplicate (70),
317,Web of Science,Predicting Quality Flaws in User-generated Content: The Case of Wikipedia,https://www.webofscience.com/wos/woscc/full-record/WOS:000693632400100,Duplicate (17),
318,Web of Science,Assessing the Quality of Information on Wikipedia: A Deep-Learning Approach,https://www.webofscience.com/wos/woscc/full-record/WOS:000619261100003,Duplicate (26),
319,Web of Science,On Quality Assesement in Wikipedia Articles Based on Markov Random Fields,https://www.webofscience.com/wos/woscc/full-record/WOS:000405316000073,Duplicate (157),
320,Web of Science,Using big data and network analysis to understand Wikipedia article quality,https://www.webofscience.com/wos/woscc/full-record/WOS:000438831900006,Duplicate (29),
321,Web of Science,THE ADOPTION OF WIKIPEDIA: A COMMUNITY-AND INFORMATION QUALITY-BASED VIEW,https://www.webofscience.com/wos/woscc/full-record/WOS:000262877100020,Duplicate (140),
322,Web of Science,Analyzing Wikipedia Users' Perceived Quality of Experience: A Large-Scale Study,https://www.webofscience.com/wos/woscc/full-record/WOS:000542964800032,Duplicate (93),
323,Web of Science,Structural Analysis of Wikigraph to Investigate Quality Grades of Wikipedia Articles,https://www.webofscience.com/wos/woscc/full-record/WOS:000749534900099,Duplicate (101),
324,Web of Science,Contraception in the German-language Wikipedia: a content and quality analysis,https://www.webofscience.com/wos/woscc/full-record/WOS:000787649000001,Duplicate (168),
325,Web of Science,Measures for Quality Assessment of Articles and Infoboxes in Multilingual Wikipedia,https://www.webofscience.com/wos/woscc/full-record/WOS:000792555500053,Duplicate (62),
326,Web of Science,Article Quality Classification on Wikipedia: Introducing Document Embeddings and Content Features,https://www.webofscience.com/wos/woscc/full-record/WOS:000632588700013,Duplicate (78),
327,Web of Science,Determining Quality of Articles in Polish Wikipedia Based on Linguistic Features,https://www.webofscience.com/wos/woscc/full-record/WOS:000465511800045,Duplicate (149),
328,Web of Science,Improving the Quality of Consumer Health Information on Wikipedia: Case Series,https://www.webofscience.com/wos/woscc/full-record/WOS:000462276900001,Duplicate (55),
329,Web of Science,Using Morphological and Semantic Features for the Quality Assessment of Russian Wikipedia,https://www.webofscience.com/wos/woscc/full-record/WOS:000453212900046,Duplicate (139),
330,Web of Science,A Matter of Words: NLP for Quality Evaluation of Wikipedia Medical Articles,https://www.webofscience.com/wos/woscc/full-record/WOS:000378997100031,Duplicate (92),
331,Web of Science,Effects of Contributor Experience on the Quality of Health-Related Wikipedia Articles,https://www.webofscience.com/wos/woscc/full-record/WOS:000431799100002,Duplicate (105),
332,Web of Science,A Psycho-lexical Approach to the Assessment of Information Quality on Wikipedia,https://www.webofscience.com/wos/woscc/full-record/WOS:000383012400044,Duplicate (128),
333,Web of Science,Information Quality in Wikipedia: The Effects of Group Composition and Task Conflict,https://www.webofscience.com/wos/woscc/full-record/WOS:000290549800004,Duplicate (21),
334,Web of Science,Content and Quality of Information about Stroke in Wikipedia across Multiple Languages,https://www.webofscience.com/wos/woscc/full-record/WOS:000753741200001,Duplicate (144),
335,Web of Science,Information quality assessment of community-generated content - A user study of Wikipedia,https://www.webofscience.com/wos/woscc/full-record/WOS:000295737200004,Duplicate (28),
336,Web of Science,Learning with Wikipedia in Higher Education: Academic Performance and Students' Quality Perception,https://www.webofscience.com/wos/woscc/full-record/WOS:000626766500012,Duplicate (134),
337,Web of Science,Assessing the Quality of Thai Wikipedia Articles Using Concept and Statistical Features,https://www.webofscience.com/wos/woscc/full-record/WOS:000354297600049,Duplicate (169),
338,Web of Science,On the Feasibility of External Factual Support as Wikipedia's Quality Metric,https://www.webofscience.com/wos/woscc/full-record/WOS:000419647800011,Yes,
339,Web of Science,Relative Quality Assessment of Wikipedia Articles in Different Languages Using Synthetic Measure,https://www.webofscience.com/wos/woscc/full-record/WOS:000450254400024,Duplicate (106),
340,Web of Science,MONITORING NETWORK STRUCTURE AND CONTENT QUALITY OF SIGNAL PROCESSING ARTICLES ON WIKIPEDIA,https://www.webofscience.com/wos/woscc/full-record/WOS:000329611508188,Duplicate (202),
341,Web of Science,Determinants of Wikipedia Quality: the Roles of Global and Local Contribution Inequality,https://www.webofscience.com/wos/woscc/full-record/WOS:000286948800035,Duplicate (6),
342,Web of Science,Quality Assessment of Arabic Web Content: The case of the Arabic Wikipedia,https://www.webofscience.com/wos/woscc/full-record/WOS:000412231400007,Duplicate (148),
343,Web of Science,Multilingual Ranking of Wikipedia Articles with Quality and Popularity Assessment in Different Topics,https://www.webofscience.com/wos/woscc/full-record/WOS:000487950600001,Duplicate (66),
344,Web of Science,Measuring Wikipedia Article Quality in One Dimension by Extending ORES with Ordinal Regression,https://www.webofscience.com/wos/woscc/full-record/WOS:000771787400005,Duplicate (108),
345,Web of Science,Indicator of quality for environmental articles on Wikipedia at the higher education level,https://www.webofscience.com/wos/woscc/full-record/WOS:000501946900001,Duplicate (94),
346,Web of Science,Ranking of Wikipedia Articles in Search Engines Revisited: Fair Ranking for Reasonable Quality?,https://www.webofscience.com/wos/woscc/full-record/WOS:000285428000010,Duplicate (40),
347,Web of Science,Quality flaw prediction in Spanish Wikipedia: A case of study with verifiability flaws,https://www.webofscience.com/wos/woscc/full-record/WOS:000445713800019,Duplicate (100),
348,Web of Science,Diversity of editors and teams versus quality of cooperative work: experiments on wikipedia,https://www.webofscience.com/wos/woscc/full-record/WOS:000401468300006,Duplicate (72),
349,Web of Science,Assessing the quality of health-related Wikipedia articles with generic and specific metrics,https://www.webofscience.com/wos/woscc/full-record/WOS:000749534900109,Duplicate (161),
350,Web of Science,Cumulative Experience and Recent Behavior and their Relation to Content Quality on Wikipedia,https://www.webofscience.com/wos/woscc/full-record/WOS:000409181700006,Duplicate (155),
351,Web of Science,Assessing Information Quality of Wikipedia Articles Through Google's E-A-T Model,https://www.webofscience.com/wos/woscc/full-record/WOS:000798447300001,Duplicate (119),
352,Web of Science,Pharmacy students can improve access to quality medicines information by editing Wikipedia articles,https://www.webofscience.com/wos/woscc/full-record/WOS:000451080500001,Duplicate (68),
353,Web of Science,"On the Relation of Edit Behavior, Link Structure, and Article Quality on Wikipedia",https://www.webofscience.com/wos/woscc/full-record/WOS:000843839700020,Duplicate (127),
354,Web of Science,Using Hyperlink Texts to Improve Quality of Identifying Document Topics Based on Wikipedia,https://www.webofscience.com/wos/woscc/full-record/WOS:000290647800042,Duplicate (121),
355,Web of Science,A hybrid approach to classifying Wikipedia article quality flaws with feature fusion framework,https://www.webofscience.com/wos/woscc/full-record/WOS:000663582800009,Duplicate (48),
356,Web of Science,Assessing Quality Score of Wikipedia Articles using Mutual Evaluation of Editors and Texts,https://www.webofscience.com/wos/woscc/full-record/WOS:000722225900234,Duplicate (79),
357,Web of Science,Quality Evaluation of Search Results by Typicality and Speciality of Terms Extracted from Wikipedia,https://www.webofscience.com/wos/woscc/full-record/WOS:000265740400050,Duplicate (110),
358,Web of Science,What Makes a Good Biography? Multidimensional Quality Analysis Based on Wikipedia Article Feedback Data,https://www.webofscience.com/wos/woscc/full-record/WOS:000455945100077,Duplicate (36),
359,Web of Science,Quality of Wikipedia Articles: Analyzing Features and Building a Ground Truth for Supervised Classification,https://www.webofscience.com/wos/woscc/full-record/WOS:000604901600032,Yes,
360,Web of Science,Application of SEO Metrics to Determine the Quality of Wikipedia Articles and Their Sources,https://www.webofscience.com/wos/woscc/full-record/WOS:000465511800011,Duplicate (71),
361,Web of Science,Interactive Quality Analytics of User-generated Content: An Integrated Toolkit for the Case of Wikipedia,https://www.webofscience.com/wos/woscc/full-record/WOS:000467789600007,Duplicate (170),
362,Web of Science,Personal communication networks and their positive effects on online collaboration and outcome quality on Wikipedia,https://www.webofscience.com/wos/woscc/full-record/WOS:000372926300005,Duplicate (257),
363,Web of Science,Automatic Quality Assessment of Content Created Collaboratively by Web Communities: A Case Study of Wikipedia,https://www.webofscience.com/wos/woscc/full-record/WOS:000295296700038,Duplicate (14),
364,Web of Science,Wisdom of crowds: the effect of participant composition and contribution behavior on Wikipedia article quality,https://www.webofscience.com/wos/woscc/full-record/WOS:000512073600001,Duplicate (69),
365,Web of Science,Estimating the Quality of Articles in Russian Wikipedia Using the Logical-Linguistic Model of Fact Extraction,https://www.webofscience.com/wos/woscc/full-record/WOS:000452527700003,Duplicate (96),
366,Web of Science,A deep learning-based quality assessment model of collaboratively edited documents: A case study of Wikipedia,https://www.webofscience.com/wos/woscc/full-record/WOS:000489377400001,Duplicate (74),
367,Web of Science,Social-collaborative determinants of content quality in online knowledge production systems: comparing Wikipedia and Stack Overflow,https://www.webofscience.com/wos/woscc/full-record/WOS:000432533400001,Duplicate (112),
368,Web of Science,Equal opportunities in the access to quality online health information? A multi-lingual study on Wikipedia,https://www.webofscience.com/wos/woscc/full-record/WOS:000771787400013,Duplicate (145),
369,Web of Science,Contributing to question of the quality of Wikipedia and the possibilities of its use in the classroom,https://www.webofscience.com/wos/woscc/full-record/WOS:000379490300011,Maybe,academic use
370,Web of Science,The Wikipedia Medical Student: Comparing the Quality of Vascular Surgery Topics Across Two Commonly Used Educational Resources,https://www.webofscience.com/wos/woscc/full-record/WOS:000344521100064,Duplicate (183),
371,Web of Science,How to Inspect and Measure Data Quality about Scientific Publications: Use Case of Wikipedia and CRIS Databases,https://www.webofscience.com/wos/woscc/full-record/WOS:000568115000006,Duplicate (120),
372,Web of Science,"THE ULTIMATE IMPACT FACTOR: UPDATING THE WIKIPEDIA ENTRY ON JUVENILE IDIOPATHIC ARTHRITIS FOR QUALITY, ACCURACY AND COMPLETENESS",https://www.webofscience.com/wos/woscc/full-record/WOS:000553988700110,No,
373,Web of Science,Quality of information sources about mental disorders: a comparison of Wikipedia with centrally controlled web and printed sources,https://www.webofscience.com/wos/woscc/full-record/WOS:000306890100017,Duplicate (39),
374,Web of Science,"'WP2Cochrane', a tool linking Wikipedia to the Cochrane Library: Results of a bibliometric analysis evaluating article quality and importance",https://www.webofscience.com/wos/woscc/full-record/WOS:000506753500001,Duplicate (84),
375,Web of Science,Utilizing the Wikidata System to Improve the Quality of Medical Content in Wikipedia in Diverse Languages: A Pilot Study,https://www.webofscience.com/wos/woscc/full-record/WOS:000355525000002,Duplicate (102),
376,Web of Science,The quality of open access and open source internet material in gastroenterology: Is wikipedia appropriate for knowledge transfer to patients?,https://www.webofscience.com/wos/woscc/full-record/WOS:000255101502307,Yes,subset (gastroenterology)
377,Web of Science,Measuring the quality of scientific references in Wikipedia: an analysis of more than 115M citations to over 800 000 scientific articles,https://www.webofscience.com/wos/woscc/full-record/WOS:000590319000001,Duplicate (63),
378,Web of Science,Quality Assessment of Peer-Produced Content in Knowledge Repositories Using Big Data and Social Networks: The Case of Implicit Collaboration in Wikipedia,https://www.webofscience.com/wos/woscc/full-record/WOS:000495431400003,Duplicate (142),
379,Web of Science,Wikipedia as a Source of Health Information for the Public: Systematic Analysis of Quality and Readability of 8 Common Rheumatic Diseases Articles,https://www.webofscience.com/wos/woscc/full-record/WOS:000507466900170,Yes,subset (rheumatic diseases)